,Frequency (rad/s),Amplitude (measured),Amplitude (curve fit),Amplitude (experimental)
0,7.854609952505201,0.1628,0.1384147423304378,0.2338153855765143
1,7.8684329601809955,0.1741,0.13772988265673855,0.23268137780657785
2,7.875344464018894,0.1584,0.1373895363182301,0.23211772830454033
3,7.877229419611047,0.1781,0.1372969541348623,0.23196439146168105
4,7.875344464018894,0.1576,0.1373895363182301,0.23211772830454033
5,7.870317915773149,0.1751,0.13763692378065934,0.23252743437666135
6,7.862778093404534,0.1629,0.13800937861978155,0.23314420524224153
7,7.853981633974483,0.1714,0.1384460051193942,0.23386714514991888
8,7.843928537482995,0.1662,0.1389477911219966,0.2346978431465131
9,7.833875440991507,0.1697,0.13945257125378496,0.23553335841734171
10,7.823822344500021,0.1698,0.13996037106292106,0.2363737305873876
11,7.8143975665392515,0.1698,0.14043919883472508,0.23716602615764504
12,7.8056011071092,0.1674,0.14088853872878293,0.23790941455753387
13,7.7980612847405855,0.1719,0.14127557137743993,0.2385496325494712
14,7.7917780994334045,0.1718,0.14159943573885114,0.2390852958999275
15,7.794919692086994,0.1715,0.14143735114618905,0.2388172193771336
16,7.786123232656943,0.1719,0.1418919587820544,0.23956907172735603
17,7.783609958534071,0.17,0.1420222881502619,0.23978459575394342
18,7.786751551187661,0.1736,0.14185940716932766,0.23951524007230418
19,7.780468365880481,0.1704,0.1421854769216693,0.2400544457206552
20,7.765388721143251,0.1755,0.1429730937683026,0.24135664668108736
21,7.75030907640602,0.1726,0.14376791419950205,0.24267040926377942
22,7.754078987590327,0.1754,0.14356852861950736,0.24234087677994687
23,7.751565713467456,0.1749,0.14370140173323642,0.24256048391526575
24,7.749052439344584,0.1746,0.14383447734543547,0.24278041591287797
25,7.745910846690993,0.1744,0.1440011072959216,0.2430557887848072
26,7.740255979914532,0.1728,0.1443018430400802,0.24355274604072225
27,7.730831201953762,0.1788,0.1448053723393192,0.24438470135305546
28,7.735857750199507,0.1748,0.14453646408315615,0.24394041574289535
29,7.730831201953762,0.175,0.1448053723393192,0.24438470135305546
30,7.722034742523712,0.1792,0.14527794838662914,0.24516538592636541
31,7.708211734847915,0.1757,0.14602571750297264,0.24640042889994282
32,7.706326779255762,0.1748,0.1461281771604631,0.24656963075632227
33,7.68559226774207,0.1776,0.14726309633657134,0.24844344402616572
34,7.692503771579967,0.1774,0.1468831808610067,0.24781626303903576
35,7.684335630680635,0.1824,0.14733234587093855,0.24855775547280778
36,7.686848904803506,0.1778,0.14719390042746536,0.24832921842084194
37,7.668627667412684,0.1803,0.14820251400383982,0.24999392883775565
38,7.676795808312018,0.1784,0.14774897253956454,0.24924543194729928
39,7.661716163574788,0.1791,0.14858807553533387,0.250630145183973
40,7.670512623004839,0.179,0.1480976470639043,0.2498208731424374
41,7.652919704144736,0.1813,0.1490811876855094,0.25144370963478113
42,7.65794625239048,0.1802,0.14879907947865015,0.2509782881843555
43,7.653548022675453,0.1812,0.14904587594229576,0.2513854548507251
44,7.638468377938223,0.1781,0.14989718209404637,0.252789683610923
45,7.64223828912253,0.1831,0.14968360494593688,0.25243742656798235
46,7.634070148223198,0.1809,0.15014699156094322,0.2532016667807402
47,7.632813511161762,0.1828,0.15021849187503106,0.25331957788966125
48,7.62401705173171,0.1821,0.1507205710994949,0.25414747524722753
49,7.608937406994479,0.1832,0.1515877474959555,0.25557706045510264
50,7.597627673441556,0.184,0.1522435491650396,0.25665790158414276
51,7.588831214011504,0.1847,0.15275686269801153,0.2575037352621139
52,7.581291391642888,0.1839,0.1531991249227886,0.2582323716074884
53,7.575636524866427,0.1901,0.15353221145124238,0.2587810655413312
54,7.569981658089966,0.1844,0.15386649609773534,0.2593316698985896
55,7.565583428374939,0.1899,0.15412732754621614,0.259761244559423
56,7.560556880129196,0.1875,0.15442631644622457,0.26025361487981713
57,7.5555303318834515,0.1897,0.15472626508791476,0.2607475146666731
58,7.549247146576273,0.1907,0.15510255725228592,0.2613670504873483
59,7.542335642738375,0.1876,0.15551822899229115,0.2620513280904741
60,7.532910864777606,0.1894,0.15608802973127084,0.26298917253928766
61,7.51971617563253,0.1934,0.15689157133791037,0.26431142037733285
62,7.522229449755401,0.1895,0.15673798901439134,0.2640587252965661
63,7.508406442079606,0.1923,0.1575857827121951,0.26545346576391654
64,7.50714980501817,0.1906,0.1576632309769221,0.2655808586301312
65,7.498353345588118,0.1902,0.1582071369842627,0.26647542041861016
66,7.500238301180272,0.1996,0.15809032455178193,0.2662833133772506
67,7.482017063789452,0.1876,0.15922552481722024,0.2681499064738814
68,7.489556886158066,0.1961,0.15875415536291704,0.26737493028375536
69,7.475105559951554,0.1948,0.15965965260435533,0.26886354105060734
70,7.483902019381605,0.1936,0.15910746543488902,0.26795581758846554
71,7.474477241420836,0.1931,0.1596992159385883,0.2689285712757363
72,7.465680781990784,0.191,0.1602548118051211,0.26984170882603814
73,7.473848922890117,0.2005,0.1597387955093519,0.2689936272892996
74,7.456884322560733,0.1929,0.16081361636971386,0.2707599409267727
75,7.454371048437861,0.201,0.1609738678848126,0.27102323433195635
76,7.463795826398631,0.1999,0.16037428461837186,0.2700380425995027
77,7.44557458900781,0.1927,0.16153683704600655,0.2719480759840616
78,7.438034766639194,0.2006,0.16202198360615497,0.27274492466159217
79,7.43929140370063,0.2011,0.1619409582872027,0.27261185077932454
80,7.427353351616988,0.2003,0.16271342047843398,0.2738803684652881
81,7.418556892186938,0.1966,0.16328652007735264,0.2748212751949509
82,7.412273706879757,0.2004,0.16369792915765463,0.2754966035792254
83,7.407247158634014,0.1982,0.1640282956279423,0.2760388294941871
84,7.403477247449706,0.203,0.1642767968204825,0.2764466493859428
85,7.400335654796116,0.2012,0.1644843585360192,0.27678725530684833
86,7.395937425081091,0.1986,0.16477567667060822,0.2772652622101068
87,7.391539195366064,0.2045,0.1650678517489521,0.2777446257524405
88,7.385884328589603,0.2021,0.1654447704264263,0.2783629525378426
89,7.378344506220987,0.2019,0.16594955491329963,0.2791909110313274
90,7.368291409729501,0.2084,0.16662658827474422,0.2803011631176802
91,7.354468402053706,0.2038,0.1675650254056349,0.2818396438474612
92,7.348185216746526,0.2042,0.16799449286092957,0.28254354457790576
93,7.34692857968509,0.2037,0.16808060574324074,0.2826846713440423
94,7.34064539437791,0.2108,0.16851227202977184,0.28339204568668436
95,7.32870734229427,0.2043,0.16933752950406958,0.28474409711649834
96,7.321167519925654,0.2072,0.16986221112691888,0.2856034960569719
97,7.316140971679911,0.2081,0.17021350173086974,0.28617880007863505
98,7.3148843346184735,0.2093,0.17030151308775815,0.28632292378512747
99,7.3148843346184735,0.2103,0.17030151308775815,0.28632292378512747
100,7.299804689881243,0.2093,0.1713635783134119,0.28806175864125105
101,7.306087875188423,0.2113,0.17091971654077345,0.28733513968946484
102,7.28849495632832,0.2128,0.1721673758450596,0.28937731147145945
103,7.284096726613294,0.2095,0.1724816587466241,0.2898915860173836
104,7.292893186043346,0.2118,0.17185404428723888,0.2888645357393401
105,7.2765569042446785,0.2086,0.17302265472830627,0.29077670450495313
106,7.271530355998935,0.216,0.17338488910412767,0.29136925629442056
107,7.271530355998935,0.2118,0.17338488910412767,0.29136925629442056
108,7.258335666853858,0.2156,0.17434178287132357,0.2929341936131409
109,7.25142416301596,0.2131,0.1748465266157159,0.2937594509574326
110,7.245140977708781,0.2163,0.17530749927593686,0.2945130106875472
111,7.244512659178063,0.2133,0.17535370782418183,0.29458854163349346
112,7.23006133297155,0.2199,0.1764221288300731,0.29633459372930604
113,7.218123280887909,0.215,0.1773129424452293,0.2977898752619303
114,7.208698502927139,0.2193,0.1780215236058809,0.2989471149125778
115,7.201158680558523,0.219,0.17859179322020896,0.29987824990448236
116,7.1948754952513445,0.2158,0.1790693479681825,0.3006578510753977
117,7.182937443167703,0.2213,0.17998258898938185,0.30214832459302154
118,7.1835657616984205,0.2196,0.17993433020399532,0.3020695753355881
119,7.180424169044832,0.2188,0.1801758401552931,0.30246366018017024
120,7.1722560281454975,0.2279,0.18080630274491297,0.30349225562855764
121,7.170371072553344,0.2236,0.18095231681282511,0.3037304426564021
122,7.172884346676216,0.2251,0.18075767505962587,0.30341292835679534
123,7.169114435491908,0.2257,0.18104976884233687,0.30388940522813296
124,7.152778153693242,0.2217,0.1823246568886295,0.3059684627183164
125,7.15906133900042,0.2222,0.18183254768961124,0.3051660581301224
126,7.144610012793907,0.2294,0.18296773005799763,0.30701680114547464
127,7.150893198101087,0.2235,0.18247272321424474,0.3062098625865597
128,7.135185234833138,0.2247,0.18371445552019242,0.3082338016199721
129,7.133928597771702,0.2274,0.183814403337521,0.30839666940991994
130,7.127645412464523,0.2256,0.18431550719386067,0.3092131415800203
131,7.1182206345037535,0.2286,0.18507145306208872,0.3104445534370421
132,7.114450723319446,0.2318,0.18537528265990233,0.31093938507083246
133,7.098742760051496,0.2242,0.18665025602758883,0.3130152603897018
134,7.09748612299006,0.2329,0.186752886722229,0.3131823179998829
135,7.084291433844983,0.2295,0.18783622936427394,0.3149453450399462
136,7.074866655884214,0.2323,0.18861649486448687,0.31621470467475143
137,7.069211789107753,0.2374,0.1890872596930756,0.3169803803419787
138,7.067955152046316,0.2289,0.18919214101107845,0.31715094625750484
139,7.069840107638471,0.2349,0.1890348554957944,0.3168951541750341
140,7.058530374085547,0.2364,0.18998186258245087,0.3184350361636931
141,7.052875507309086,0.2358,0.19045834661797115,0.31920961710416673
142,7.047220640532624,0.2336,0.19093683366069789,0.3199873149026258
143,7.034654269918264,0.2363,0.1920073707242345,0.32172678142227995
144,7.032140995795393,0.2395,0.1922226841323301,0.3220765497197498
145,7.0239728548960585,0.2341,0.19292525218594297,0.3232176471051276
146,7.020831262242469,0.2376,0.1931966163909232,0.3236583106897457
147,7.021459580773187,0.2429,0.1931422924334765,0.32357009857615215
148,7.016433032527444,0.2398,0.1935776016654872,0.32427690988601343
149,6.99946843219806,0.2416,0.19505897302804054,0.32668134084073874
150,6.998840113667341,0.2413,0.19511420315738612,0.326770959444539
151,6.998211795136623,0.2397,0.1951694594959414,0.32686061870025307
152,6.982503831868674,0.2438,0.19655943857909108,0.32911538893417175
153,6.985645424522264,0.2422,0.19628011787732,0.3286623811979017
154,6.967424187131443,0.2438,0.19790950308466626,0.33130427158849357
155,6.9623976388857,0.2459,0.19836298376267053,0.3320392551139788
156,6.947946312679186,0.2423,0.1996764977743023,0.33416742891669854
157,6.949202949740623,0.2514,0.199561700557206,0.3339814754496505
158,6.941663127372007,0.248,0.2002521496831627,0.3350997714707324
159,6.924698527042622,0.2508,0.20182040408678387,0.3376387187262853
160,6.918415341735442,0.2487,0.20240647910290374,0.33858716067836364
161,6.9152737490818526,0.2534,0.2027005892317382,0.3390630369171668
162,6.915902067612571,0.25,0.2026417098120293,0.3389677731166452
163,6.9039640155289295,0.2556,0.20376535250699915,0.3407853950757736
164,6.8989374672831865,0.2504,0.20424160033833563,0.34155554340429023
165,6.893910919037442,0.2552,0.2047197213609306,0.3423285784464076
166,6.883229504015236,0.2559,0.2057419967320135,0.3439809330701536
167,6.884486141076672,0.2524,0.20562128417107725,0.3437858533827705
168,6.882601185484519,0.2592,0.20580239768919206,0.3440785416907004
169,6.877574637238776,0.2591,0.20628668038668468,0.3448610653449811
170,6.863123311032262,0.2586,0.20768972030322505,0.3471273242776373
171,6.856840125725082,0.2555,0.20830475121885791,0.34812036283575476
172,6.853070214540775,0.2607,0.20867524187726963,0.348718448108798
173,6.845530392172159,0.2666,0.2094195577041504,0.3499197405453054
174,6.842388799518569,0.2539,0.2097310087433863,0.3504223050636566
175,6.83924720686498,0.2692,0.2100432400347575,0.35092606726120307
176,6.82982242890421,0.2656,0.21098464367857164,0.3524445805697417
177,6.816627739759133,0.2606,0.2123145954634691,0.3545888801881519
178,6.812229510044108,0.2637,0.21276105285493238,0.35530845878929523
179,6.81160119151339,0.2691,0.21282496155410618,0.3554114534387952
180,6.8002914579604665,0.2703,0.2139808709704512,0.3572738592634248
181,6.797149865306877,0.2681,0.2143038350476543,0.3577940688022222
182,6.781441902038927,0.2659,0.21593104859157902,0.3604140705984527
183,6.7726454426088765,0.2721,0.2168514082738483,0.36189521010104586
184,6.76510562024026,0.2714,0.21764556519877934,0.3631728169307582
185,6.760079071994517,0.2721,0.21817773219307154,0.36402871997864616
186,6.742486153134414,0.2782,0.2200577154297768,0.3670509142857061
187,6.73117641958149,0.2789,0.22128076117358614,0.3690158238937511
188,6.715468456313541,0.2774,0.2229985783060893,0.37177399696293717
189,6.7123268636599525,0.2765,0.22334484510649302,0.37232974234474586
190,6.707928633944927,0.2802,0.22383114666273188,0.37311010794704974
191,6.696618900392004,0.2752,0.22508988457468476,0.37512929013227136
192,6.695362263330567,0.279,0.2252304825387424,0.37535476439080223
193,6.6853091668390805,0.2849,0.22636063000476345,0.3771666962239871
194,6.677769344470464,0.2861,0.22721454627703744,0.3785352068357672
195,6.689707396554105,0.2799,0.22586501388570576,0.37637219127827054
196,6.684680848308362,0.2789,0.22643158236442393,0.3772804244809165
197,6.679654300062618,0.2883,0.2270005572696985,0.37819230626886796
198,6.671486159163285,0.2812,0.22793031206274633,0.37968194965336155
199,6.673371114755438,0.2853,0.22771518245283787,0.3793373210669738
200,6.663318018263952,0.2881,0.22886652443091324,0.38118137285696885
201,6.659548107079644,0.2961,0.22930081837498995,0.3818767380837607
202,6.65766315148749,0.2878,0.22951848838054922,0.3822252120419926
203,6.64195518821954,0.2882,0.2313460846474407,0.3851498457860904
204,6.631902091728054,0.2976,0.23252871264510167,0.38704120114015955
205,6.620592358175131,0.2938,0.23387145226471304,0.38918751292156134
206,6.6086543060914895,0.2869,0.23530309431669397,0.3914746320383359
207,6.5973445725385655,0.2959,0.23667313613287863,0.39366208345847625
208,6.5816366092706176,0.2979,0.23859853000477377,0.39673414253883266
209,6.577866698086308,0.301,0.2390645783950743,0.3974773784398625
210,6.572840149840565,0.301,0.23968838177836224,0.3984719717841117
211,6.561530416287642,0.3031,0.24110207705885864,0.40072501971478086
212,6.561530416287642,0.2997,0.24110207705885864,0.40072501971478086
213,6.553362275388308,0.304,0.24213190018266487,0.40236544755966724
214,6.553990593919026,0.3055,0.242052418247303,0.4022388640341749
215,6.544565815958258,0.306,0.24324931445830336,0.4041446069281142
216,6.536397675058923,0.3081,0.2442947732706387,0.40580844828343754
217,6.540167586243231,0.3078,0.2438113080006025,0.40503910639819946
218,6.542680860366103,0.3082,0.24348989932746007,0.4045275605322712
219,6.530114489751743,0.3077,0.24510417427124973,0.40709610658707746
220,6.527601215628872,0.3097,0.24542921049098612,0.4076130770288607
221,6.516291482075948,0.3075,0.24690097394458874,0.4099530383320183
222,6.511893252360923,0.3155,0.2474773798761697,0.4108690746342834
223,6.51000829676877,0.3176,0.24772511118146548,0.4112627062949796
224,6.496813607623692,0.3151,0.24947109361179404,0.41403581583350585
225,6.488017148193641,0.32,0.2506467363718312,0.41590191764210616
226,6.479849007294308,0.3133,0.2517468638001377,0.4176473150579711
227,6.471052547864256,0.3216,0.2529408298634799,0.41954067238010706
228,6.457857858719179,0.317,0.2547499338314778,0.4224076717766057
229,6.455972903127026,0.3192,0.2550101745519456,0.42281991013530834
230,6.446548125166256,0.3273,0.2563181916625958,0.42489120345656267
231,6.447176443696973,0.3256,0.2562306355468652,0.4247525911658627
232,6.4440348510433845,0.3217,0.25666892593453444,0.42544640781726106
233,6.433981754551897,0.3228,0.25808006820991164,0.42767937389734106
234,6.42644193218328,0.3285,0.2591471182609295,0.4293669601398735
235,6.425185295121844,0.3293,0.25932569052475746,0.429649304641333
236,6.411990605976768,0.3285,0.261213427346402,0.43263272370088257
237,6.410733968915332,0.3293,0.26139443261970496,0.4329186611399928
238,6.404450783608153,0.3305,0.2623026736884292,0.43435309040877346
239,6.395026005647384,0.3358,0.26367515889916765,0.4365196579500625
240,6.393769368585947,0.3381,0.2638590819000324,0.4368098962570049
241,6.38371627209446,0.3382,0.2653383753603244,0.4391434450594625
242,6.38057467944087,0.3336,0.26580355732782096,0.43987694932728844
243,6.366751671765075,0.3423,0.2678669839871205,0.4431288001187625
244,6.354185301150716,0.3408,0.26976665998843385,0.446120009535644
245,6.35292866408928,0.347,0.26995789202954046,0.44642098424165316
246,6.351672027027843,0.3463,0.2701493555782425,0.4467222981432919
247,6.332822471106305,0.3457,0.2730493675631105,0.4512830802845266
248,6.32842424139128,0.3471,0.27373369404898784,0.4523584598553435
249,6.317114507838356,0.3505,0.27550691115626913,0.4551434637658591
250,6.313344596654048,0.348,0.2761023498468633,0.4560781686155483
251,6.302663181631844,0.3584,0.2778014267936399,0.4587439876080548
252,6.294495040732509,0.3541,0.2791128197959624,0.46080016916270455
253,6.292610085140356,0.3508,0.27941695275128314,0.4612768598864323
254,6.281300351587433,0.3621,0.28125371406456495,0.46415438861830427
255,6.270618936565227,0.3625,0.28300748100816503,0.46689970329588326
256,6.258680884481586,0.3604,0.28498983005636525,0.47000025195003403
257,6.256795928889432,0.3645,0.28530500558024924,0.47049295800929997
258,6.24799946945938,0.3629,0.28678374697061837,0.47280370924666454
259,6.243601239744355,0.37,0.28752804677253363,0.47396620767899983
260,6.241716284152201,0.362,0.28784804573520917,0.47446588456110866
261,6.233548143252867,0.3772,0.2892417833563594,0.4766413610073837
262,6.22977823206856,0.3672,0.28988895103333767,0.47765105704379635
263,6.22663663941497,0.3736,0.29043015495535496,0.47849520472611756
264,6.207787083493432,0.3717,0.293714066052033,0.4836128901960534
265,6.202760535247688,0.3836,0.2946005400208142,0.48499307718457846
266,6.1914508016947645,0.3722,0.29661196877141977,0.4881226902092331
267,6.183910979326148,0.3767,0.29796604731936266,0.4902279078385522
268,6.183282660795431,0.3797,0.298079365816614,0.4904040277910881
269,6.173229564303944,0.3847,0.2999025677278678,0.4932364001798725
270,6.16506142340461,0.3939,0.3013980597623143,0.49555790590979437
271,6.156893282505276,0.3858,0.30290639907235306,0.4978977415430824
272,6.1468401860137885,0.3828,0.30478069025039217,0.5008030043904002
273,6.146211867483071,0.3888,0.3048984945873728,0.500985524309497
274,6.138672045114456,0.3893,0.306318270063514,0.5031844701004496
275,6.12799063009225,0.3815,0.30834915772679306,0.5063273965327177
276,6.121079126254353,0.3943,0.3096756266593734,0.508378593708764
277,6.114795940947173,0.4041,0.3108900423850512,0.5102554081833872
278,6.109141074170712,0.3992,0.31199003428963307,0.5119544713188449
279,6.102229570332814,0.4045,0.31334358605991425,0.5140439909659831
280,6.093433110902763,0.399,0.3150809548725637,0.5167240847381162
281,6.094061429433481,0.4111,0.3149563080526975,0.5165318750448324
282,6.076468510573378,0.4113,0.3184787815835204,0.5219593239917781
283,6.070813643796916,0.4102,0.31962543049078707,0.5237241494352025
284,6.056362317590403,0.4131,0.32258827792983996,0.5282798958179407
285,6.044424265506762,0.416,0.3250717144489488,0.532093569238644
286,6.033114531953839,0.42,0.32745498519858257,0.5357491950388157
287,6.021804798400916,0.4252,0.329868527726188,0.5394470233365313
288,6.021176479870197,0.4279,0.330003512188419,0.5396537093610744
289,6.0161499316244536,0.4297,0.33108682508365184,0.5413119770066137
290,6.006096835132967,0.4292,0.33327193962380486,0.5446541944632312
291,6.003583561010095,0.4404,0.3338221070790313,0.5454951443923348
292,5.995415420110762,0.4296,0.33562101629614893,0.548243285502045
293,5.988503916272864,0.4351,0.33715627486168137,0.5505867710344723
294,5.980964093904248,0.4359,0.33884497381550277,0.553162467718729
295,5.973424271535633,0.4464,0.34054832377571054,0.555758377969341
296,5.974052590066351,0.4383,0.3404058138779979,0.5555412746659595
297,5.958344626798402,0.4398,0.34399971749445674,0.5610117312294524
298,5.950176485899068,0.4539,0.3458945338940807,0.5638920695355764
299,5.94326498206117,0.4527,0.34751196835494624,0.5663486458484152
300,5.936353478223273,0.4503,0.3491425146501516,0.5688231670339221
301,5.930070292916093,0.4547,0.35063633717025167,0.5710884579053696
302,5.92190215201676,0.4624,0.3525948904767888,0.574055963345978
303,5.912477374055991,0.4558,0.35487837316411064,0.5775121684517559
304,5.899282684910913,0.4653,0.35811850716489646,0.5824096324509839
305,5.889857906950144,0.4691,0.3604643606128686,0.585950477170133
306,5.881689766050811,0.4658,0.36251902783060885,0.5890484064930335
307,5.879804810458657,0.4796,0.36299606166486825,0.5897672010355272
308,5.864725165721426,0.4726,0.36685178371649496,0.5955707077585993
309,5.860955254537118,0.4829,0.36782680649504124,0.5970365029892004
310,5.852158795107067,0.4755,0.37011939598731103,0.6004802234957157
311,5.855300387760656,0.4795,0.369297780033092,0.5992465234340554
312,5.840220743023425,0.4944,0.3732706082985969,0.605207195340914
313,5.827654372409066,0.4953,0.376638224587449,0.6102504554037798
314,5.8245127797554765,0.494,0.37748836396771995,0.6115222407405336
315,5.819486231509733,0.4941,0.3788555241185916,0.6135663215185517
316,5.811946409141117,0.4992,0.38092242485883393,0.6166539011216243
317,5.802521631180348,0.5002,0.38353368542442073,0.6205499972883533
318,5.7861853493816815,0.5131,0.38813409056680925,0.6274012887674032
319,5.7855570308509625,0.5107,0.38831293946850537,0.6276673176121835
320,5.776760571420912,0.5054,0.39083191697797437,0.6314115654084277
321,5.759795971091527,0.5204,0.3957708103566145,0.6387386666382798
322,5.753512785784347,0.5206,0.39762759811827114,0.6414884502773642
323,5.745972963415731,0.5244,0.39987579256158406,0.6448143237637088
324,5.737176503985681,0.5387,0.4025267227880829,0.6487309713113185
325,5.722725177779168,0.5382,0.4069486496725807,0.6552521003379038
326,5.7145570368798335,0.5413,0.4094854862375853,0.6589863968342752
327,5.707645533041936,0.5425,0.4116535858455016,0.6621739416965515
328,5.701990666265474,0.5385,0.41344237105065823,0.6648010664418031
329,5.696335799489012,0.5538,0.41524471028027476,0.6674455789604122
330,5.686911021528244,0.5495,0.4182791330857322,0.6718921688804962
331,5.68502606593609,0.5468,0.41889064655108305,0.6727874005178899
332,5.679999517690346,0.5444,0.4205289725382515,0.6751844064727517
333,5.667433147075987,0.5604,0.4246739183618756,0.6812394363234583
334,5.665548191483833,0.564,0.42530179106638333,0.6821554744943675
335,5.658636687645935,0.5557,0.42761786645980504,0.6855318541302038
336,5.651725183808038,0.5647,0.42995597223858656,0.6889360835878315
337,5.642300405847268,0.579,0.4331803497195406,0.6936236641864589
338,5.634132264947936,0.5745,0.43600900815217836,0.6977292204984975
339,5.628477398171474,0.5803,0.43798620168125235,0.7005952083097456
340,5.613397753434242,0.5756,0.4433357589053934,0.7083340646952753
341,5.597061471635576,0.5824,0.44926076695458655,0.7168790024226728
342,5.597061471635576,0.5887,0.44926076695458655,0.7168790024226728
343,5.590778286328396,0.5862,0.4515764469246137,0.7202110811150068
344,5.579468552775473,0.6015,0.4557974392541912,0.7262738133141385
345,5.573185367468293,0.6085,0.45817223464585083,0.7296785823402087
346,5.559362359792498,0.6074,0.4634733507643477,0.7372626704966175
347,5.555592448608191,0.6283,0.46493768594756724,0.739353691108855
348,5.550565900362447,0.6293,0.4669027132483699,0.7421569977151709
349,5.535486255625216,0.6275,0.47288551747846846,0.7506730928252564
350,5.5279464332566,0.6244,0.47592723262186865,0.7549917924885825
351,5.519778292357266,0.6307,0.4792611072552357,0.7597168046973736
352,5.512238469988651,0.6422,0.4823748328265381,0.7641217663751216
353,5.507211921742907,0.639,0.48447030005661923,0.7670818314519101
354,5.500928736435728,0.6382,0.48711204131143376,0.7708085454361779
355,5.490247321413523,0.6556,0.4916610530457974,0.7772127193581758
356,5.485849091698497,0.6692,0.4935557538501345,0.7798752042089041
357,5.473911039614856,0.6588,0.49876322229870285,0.7871780009796896
358,5.463229624592651,0.6731,0.5035043029513045,0.7938077540132654
359,5.46008803193906,0.6721,0.5049137152897286,0.7957751299095175
360,5.451919891039728,0.692,0.5086105683571039,0.8009278912217973
361,5.439981838956085,0.6808,0.5140992627621899,0.8085578053347398
362,5.433070335118188,0.6804,0.5173243341947787,0.8130296657688565
363,5.426787149811009,0.6989,0.5202869577312886,0.8171302023401603
364,5.418619008911676,0.7185,0.5241828467720704,0.8225116458826943
365,5.409194230950906,0.7225,0.5287417209900671,0.8287932655980589
366,5.397884497397983,0.7238,0.5343043447998684,0.8364351129717402
367,5.388459719437213,0.7059,0.5390182995809457,0.8428914144165751
368,5.379034941476443,0.7232,0.5438052331389439,0.8494291992068479
369,5.372123437638546,0.7481,0.5473629670696604,0.8542761329894787
370,5.364583615269931,0.7576,0.5512906489718848,0.8596151177682149
371,5.353902200247726,0.7581,0.5569396074465581,0.8672718655691452
372,5.341335829633366,0.7643,0.5637157630122557,0.876422177229904
373,5.335052644326186,0.7714,0.5671579222815902,0.8810560397856839
374,5.322486273711827,0.7783,0.5741531446646668,0.8904433190991365
375,5.311804858689622,0.7795,0.5802181358176416,0.8985499872071852
376,5.309291584566751,0.7844,0.5816614241545891,0.9004747166397131
377,5.29421193982952,0.7946,0.5904540205880674,0.9121635838721927
378,5.288557073053058,0.7968,0.5938110902937981,0.9166098359017961
379,5.2759907024386985,0.8201,0.6013913475385905,0.926615653381324
380,5.273477428315827,0.7238,0.602927620271427,0.9286377969219829
381,5.267822561539365,0.8105,0.6064093043240336,0.93321349446939
382,5.261539376232186,0.7736,0.6103190467738541,0.9383399704431331
383,5.253371235332851,0.841,0.6154676512931269,0.9450718332979429
384,5.249601324148545,0.7884,0.6178694569366024,0.9482048301788071
385,5.238919909126339,0.7293,0.6247638052280582,0.957171929522301
386,5.228238494104134,0.8391,0.6317928950971795,0.9662744020629568
387,5.220698671735518,0.7687,0.6368377427059109,0.9727825291724442
388,5.218185397612647,0.8643,0.6385349202878488,0.9749673218256015
389,5.210017256713313,0.7763,0.6441053287608219,0.9821216854101155
390,5.201849115813979,0.754,0.6497605793256528,0.9893591913020742
391,5.193052656383928,0.8674,0.6559478118701642,0.997247732714293
392,5.181742922831004,0.8281,0.6640542484969868,1.007536138305283
393,5.172946463400954,0.7902,0.6704800342894215,1.01565362715522
394,5.163521685440184,0.8136,0.6774851541633635,1.0244648330521893
395,5.156610181602287,0.8072,0.6827031395529527,1.0310023127193828
396,5.1465570851108,0.8057,0.6904180208074648,1.0406277359089509
397,5.140902218334338,0.8375,0.6948241131547143,1.0461033939327693
398,5.132105758904286,0.8445,0.7017752673813649,1.0547100681785158
399,5.121424343882081,0.8462,0.7103787244792586,1.0653086510416054
400,5.1113712473905935,0.8771,0.7186435759941017,1.075434042433872
401,5.102574787960542,0.8731,0.7260121549728129,1.0844151641407511
402,5.088751780284746,0.8816,0.7378571824884812,1.0987612418094892
403,5.080583639385413,0.8845,0.7450136014226828,1.1073744105648318
404,5.076185409670387,0.8919,0.7489165758771963,1.1120546669601503
405,5.0623624019945925,0.8987,0.7614143034996181,1.1269598443579774
406,5.0560792166874124,0.9142,0.7672137354201538,1.1338343404874502
407,5.047282757257362,0.9332,0.7754609104268869,1.1435645167442499
408,5.036601342235156,0.9436,0.7856809465131395,1.1555478862955733
409,5.025291608682233,0.9692,0.7967551587390583,1.168440147248338
410,5.020893378967208,0.9536,0.8011338376202108,1.173511169800985
411,5.015866830721464,0.9632,0.8061884156688593,1.1793463364917054
412,5.005813734229976,0.9916,0.8164617680638321,1.191144870705678
413,4.996388956269207,0.9868,0.8262965442090312,1.2023629326094885
414,4.9857075412470016,1.0025,0.8376876289672578,1.2152627401104354
415,4.979424355939822,1.0176,0.8445129614710137,1.2229442083056616
416,4.975026126224796,1.0323,0.8493467820387771,1.2283627384273796
417,4.962459755610437,1.026,0.8634179405807563,1.2440343290875493
418,4.953034977649668,1.0583,0.87423080145549,1.2559747006933528
419,4.939211969973873,1.0651,0.8905060487622409,1.2737805165414628
420,4.926645599359514,1.0945,0.9057464349980222,1.2902740248807631
421,4.917220821398744,1.0921,0.9174643661900633,1.302837884166195
422,4.9084243619686925,1.1156,0.9286301982803745,1.314715354460983
423,4.895857991354333,1.1384,0.9449765738464193,1.331938557981195
424,4.879521709555666,1.1467,0.9669474278482508,1.3547820574677767
425,4.873866842779205,1.1828,0.9747488329447366,1.3628097072312575
426,4.868211976002744,1.1866,0.9826537623419804,1.3708995333411527
427,4.855017286857667,1.1583,1.0015106074932845,1.3900184895954808
428,4.841822597712589,1.1174,1.0209618585223665,1.4094785088224646
429,4.829884545628948,1.1406,1.0390913306502463,1.4273799402701743
430,4.819203130606743,1.2044,1.055754066112345,1.443634574888293
431,4.814804900891716,1.2035,1.0627394242306112,1.4503928374468134
432,4.806636759992384,1.1763,1.0759085393498844,1.4630446169298552
433,4.795955344970178,1.1389,1.0935227621149566,1.479786317087876
434,4.785902248478691,1.2303,1.1105181812343399,1.4957463049035744
435,4.780247381702229,1.2446,1.1202600030557002,1.5048098620034216
436,4.768937648149306,1.2203,1.1401455477884048,1.5231214964976267
437,4.759512870188536,1.3018,1.1571351189219747,1.5385674356751855
438,4.755114640473511,1.2985,1.1651963553756783,1.5458328955448517
439,4.746318181043459,1.2983,1.1815767895660527,1.5604721295568957
440,4.7337518104291,1.2582,1.2055857140412245,1.581632230446901
441,4.720557121284023,1.2756,1.231584641144374,1.6041558232891966
442,4.7111323433232535,1.2865,1.2506623875833334,1.6204303627159058
443,4.704849158016074,1.2987,1.2636199555220509,1.631363961620253
444,4.694167742993868,1.3283,1.2860935412965584,1.6501007286811737
445,4.683486327971663,1.3581,1.3091366897424335,1.669019472400572
446,4.672804912949458,1.3892,1.3327580357578883,1.6881118547028031
447,4.659610223804381,1.4224,1.3627464136049752,1.711922316971415
448,4.648300490251458,1.4455,1.3891698661048886,1.7325158603142672
449,4.640760667882843,1.4638,1.4071565585992503,1.7463323054938837
450,4.628822615799201,1.4937,1.4362438951834646,1.768338813772596
451,4.620654474899868,1.5329,1.4565748194388846,1.783479394972696
452,4.611229696939098,1.4913,1.4804643323298652,1.8010235271959196
453,4.605574830162636,1.5184,1.4950178351838328,1.8115838131170954
454,4.600548281916892,1.561,1.5080913620330965,1.8209895084586656
455,4.5904951854254055,1.5293,1.5346204037000437,1.8398461780279882
456,4.581070407464636,1.6134,1.559944733423346,1.8575674561059339
457,4.567875718319559,1.5846,1.5961099862648325,1.8824203773971682
458,4.5634774886045335,1.6455,1.6083425366798825,1.890709707616348
459,4.550282799459456,1.6152,1.6455432785136754,1.9155703293779989
460,4.542114658560123,1.6527,1.66892824057907,1.930939732793107
461,4.528291650884328,1.6535,1.7090597407406884,1.9568760812798642
462,4.514468643208533,1.641,1.7497928974992232,1.9826686201583696
463,4.504415546717046,1.7396,1.7797177014620469,2.0013004181200715
464,4.492477494633404,1.7056,1.815487308307296,2.0232476894881724
465,4.483681035203353,1.7631,1.8419411338521692,2.039270822523447
466,4.475512894304019,1.8436,1.8665271980528195,2.054018151754851
467,4.467973071935403,1.8344,1.8891989780382912,2.067505042393569
468,4.461061568097506,1.8185,1.9099268667584872,2.0797507063045413
469,4.444096967768122,1.8748,1.9603658550305278,2.109268471467444
470,4.436557145399505,1.9344,1.982475432195138,2.122111320901534
471,4.427132367438737,1.9352,2.0097371904699113,2.137897272492936
472,4.413309359762941,1.9596,2.0487518897364065,2.160458816446893
473,4.402627944740736,1.9931,2.0779056693996054,2.1773627316465283
474,4.389433255595659,2.0246,2.1124347501059613,2.1975407021508513
475,4.379380159104171,2.0692,2.137441826489894,2.2123488588101448
476,4.363043877305505,2.0936,2.1752413922919596,2.2352753690860183
477,4.350477506691146,2.1487,2.201566767655231,2.2518771417730097
478,4.339167773138223,2.2065,2.222945387503715,2.2659929281715763
479,4.327858039585299,2.1924,2.2419223869848084,2.279280857308104
480,4.313406713378786,2.2622,2.2623856344479143,2.2949887805280444
481,4.3002120242337085,2.2359,2.277103800707307,2.308021326416336
482,4.292672201865093,2.2444,2.2837333105748576,2.3148843326364577
483,4.28136246831217,2.2748,2.291173878932063,2.324356283916266
484,4.273822645943555,2.3067,2.2944369529994626,2.330109597662228
485,4.257486364144888,2.3027,2.2968004272899916,2.3409928496324883
486,4.251831497368426,2.3454,2.2961193296034628,2.3442460231412188
487,4.237380171161913,2.3352,2.2909236301681704,2.3513357104881263
488,4.229840348793298,2.3277,2.2862802285475916,2.3543286259504947
489,4.21664565964822,2.3193,2.275080772415623,2.358389887691772
490,4.202822651972426,2.2832,2.2593549808501012,2.361031028923545
491,4.189627962827347,2.3099,2.2408011722277372,2.3620115746845407
492,4.175804955151553,2.2698,2.217979839620527,2.3614343343077318
493,4.165751858660066,2.2599,2.199414941045459,2.3599941022882818
494,4.153813806576425,2.2629,2.175446273903482,2.3571843412993414
495,4.145017347146373,2.2223,2.156588542654277,2.3543627549161483
496,4.139362480369912,2.198,2.1439830401783846,2.3522179371833483
497,4.123654517101962,2.2121,2.10723277258333,2.344931800766196
498,4.112344783549039,2.1719,2.0794293823242516,2.3385101359565397
499,4.101663368526834,2.17,2.052339081344623,2.3315746572277805
500,4.091610272035346,2.1102,2.0262470549844203,2.324301962376106
501,4.078415582890269,2.0625,1.9913323021180387,2.3137055298662266
502,4.067734167868064,2.0199,1.9626705274161989,2.3042936111177723
503,4.057052752845859,1.9866,1.933785159558342,2.294173587847499
504,4.041973108108627,1.9525,1.892836793832108,2.2787515817677204
505,4.0319200116171405,1.9077,1.8655482941838286,2.2677782302582505
506,4.023751870717807,1.9037,1.8434409657669937,2.258480361470306
507,4.015583729818474,1.8301,1.8214282804915096,2.2488583109559817
508,4.003645677734832,1.8335,1.78948894218988,2.2342474929927
509,3.9973624924276527,1.7452,1.772814842518269,2.2263119621238463
510,3.9891943515283192,1.7376,1.7513015643768557,2.2157585651026563
511,3.981026210628986,1.6958,1.7299919814415539,2.2049524053298755
512,3.9703447956067808,1.6615,1.7024635855297583,2.1904672484490133
513,3.960920017646011,1.6323,1.6785178146008308,2.1773795081866965
514,3.950866921154524,1.6182,1.6533551122349484,2.1631308611939475
515,3.942070461724472,1.592,1.6316747788124886,2.150441183665006
516,3.9307607281715495,1.5627,1.6042808260890022,2.1338526447549606
517,3.920079313149344,1.5344,1.578920610797118,2.117935411877929
518,3.905627986942831,1.5326,1.545421326764122,2.0960694724866977
519,3.895574890451344,1.452,1.5226766158841987,2.080669047282111
520,3.885521793959856,1.3944,1.5003945888266401,2.065140167847672
521,3.874212060406933,1.3382,1.4758816833502328,2.0475443314192994
522,3.861017371261856,1.3376,1.4480235821682967,2.0268859936627672
523,3.848451000647497,1.2975,1.422228132662698,2.0071202526420278
524,3.8371412670945735,1.2736,1.3996195178526292,1.989285364121388
525,3.821433303826624,1.2399,1.3691582271997997,1.9644898200887777
526,3.8057253405586753,1.2098,1.3397670249756697,1.9397194101433675
527,3.796928881128624,1.1925,1.3237650172669233,1.9258793488488584
528,3.7831058734528287,1.1973,1.2992664456341954,1.9042018210797385
529,3.766141273123444,1.1646,1.2702531249174935,1.877756363242736
530,3.754831539570521,1.1333,1.2515365220193322,1.8602468391510465
531,3.741008531894726,1.1117,1.2293190543152683,1.8390003770339782
532,3.7246722500960585,1.0796,1.2039656638399285,1.814137571584117
533,3.709592605358828,1.0488,1.181399815405558,1.7914504319814464
534,3.6982828718059046,1.0447,1.1649842528728138,1.7746143462508859
535,3.6850881826608273,1.0495,1.1463654986317828,1.7551781853914332
536,3.6712651749850327,1.0473,1.1274551574773166,1.7350657066663495
537,3.664353671147135,1.0227,1.1182215258091457,1.725108471924568
538,3.649902344940621,1.019,1.0993772673379385,1.7045085696541364
539,3.641734204041288,1.0154,1.0889956203490312,1.6929994891558702
540,3.631052789019083,0.9807,1.0757044889455976,1.6780985466508271
541,3.626026240773339,0.9566,1.0695591389675967,1.6711456482967508
542,3.612203233097544,0.953,1.0530104844712302,1.6522234166476504
543,3.6027784551367747,0.9221,1.0420149466877573,1.6394902799075126
544,3.588327128930262,0.9233,1.0255926109104776,1.620234112985398
545,3.575132439785184,0.9087,1.0110452661550768,1.602937791869966
546,3.5631943877015435,0.9359,0.9982377997644717,1.5875246803772072
547,3.5512563356179023,0.8974,0.9857556885144826,1.5723362393557712
548,3.539318283534261,0.8978,0.9735883524353223,1.5573725298507208
549,3.526751912919902,0.8852,0.9611094632962396,1.5418636704408601
550,3.5141855423055426,0.8598,0.9489565393916397,1.5266026367157588
551,3.506017401406209,0.86,0.9412266754676955,1.516815306744484
552,3.495335986384004,0.8026,0.931314229786312,1.5041730335474064
553,3.4833979343003625,0.7979,0.9204910066497598,1.4902521598014034
554,3.468318289563132,0.8115,0.9071919443860337,1.4729802178116609
555,3.4563802374794905,0.7855,0.8969481207020051,1.4595514592641026
556,3.440043955680824,0.7736,0.8833222509761105,1.4415217044507491
557,3.4230793553514385,0.7695,0.8696327821898662,1.4232163536522646
558,3.4086280291449254,0.7558,0.8583260763040482,1.40795339124519
559,3.396689977061284,0.7496,0.8492226457003131,1.3955706544641704
560,3.3816103323240534,0.7396,0.838019017874596,1.380216767554812
561,3.3677873246482584,0.7362,0.8280286475043468,1.3664197466893448
562,3.354592635503181,0.7216,0.8187329873457394,1.3534931146704106
563,3.338256353704514,0.6711,0.8075378190320812,1.3378118698413937
564,3.3238050274980013,0.6759,0.797913148714481,1.3242323238031
565,3.313123612475796,0.7219,0.790961667143251,1.3143683751628343
566,3.298043967738565,0.6953,0.7813750518367487,1.3006886844070742
567,3.2879908712470773,0.6815,0.7751274443601279,1.291726140475155
568,3.275424500632718,0.691,0.767474397239355,1.2806967034378836
569,3.2647430856105126,0.6649,0.7611023197203903,1.271471032162181
570,3.251548396465436,0.6645,0.7533947554017614,1.2602607295010906
571,3.243380255566102,0.6646,0.7487118275918849,1.2534224760426824
572,3.228928929359589,0.6442,0.7405875997602218,1.241510704178827
573,3.2163625587452302,0.6417,0.7336856126935011,1.2313431097633005
574,3.205681143723025,0.6507,0.727934324630674,1.2228373049628414
575,3.1899731804550764,0.6301,0.7196633961732392,1.2105523540455172
576,3.173008580125691,0.6229,0.7109723639924059,1.1975769304792274
577,3.155415661265588,0.6254,0.7022143514096023,1.1844332683284353
578,3.140964335059075,0.6088,0.6952073037062213,1.173868536406022
579,3.129654601506152,0.6048,0.6898374034181739,1.165743048282979
580,3.113946638238203,0.5959,0.6825400139565099,1.1546607943268816
581,3.09949531203169,0.5989,0.6759865545910656,1.1446691970371257
582,3.083787348763741,0.5863,0.669031515265354,1.1340252273562932
583,3.068079385495792,0.5855,0.6622460102170477,1.1236012808777158
584,3.0492298295742533,0.5736,0.6543192195261025,1.1113752714225154
585,3.0303802736527143,0.5725,0.6466190570108821,1.0994489980179785
586,3.01027408066974,0.5579,0.638645354670046,1.0870479454390825
587,2.992052843278919,0.5622,0.6316246372626994,1.0760864774220085
588,2.9732032873573804,0.5485,0.6245594384682842,1.0650158249755004
589,2.9562386870279957,0.547,0.6183663611751633,1.0552793096313409
590,2.9361324940450206,0.5298,0.6112220527674657,1.0440101295193152
591,2.9197962122463537,0.5308,0.6055680899511696,1.035063851539123
592,2.905973204570558,0.5181,0.6008861068433435,1.027637066321965
593,2.890893559833328,0.5167,0.5958821565652368,1.0196812348896662
594,2.8764422336268143,0.5099,0.5911853989974746,1.0121967406057713
595,2.86261922595102,0.5142,0.586780750110309,1.0051628497869274
596,2.8487962182752247,0.5105,0.5824597739427633,0.9982487016654187
597,2.8356015291301477,0.5028,0.5784112703242572,0.9917581820238766
598,2.823035158515788,0.4987,0.5746229314649579,0.9856740113838466
599,2.811097106432147,0.4954,0.5710834845840069,0.9799802547130092
600,2.795389143164198,0.4929,0.5665124424737545,0.9726138136585775
601,2.779681179896249,0.4866,0.5620367059640292,0.9653866725703465
602,2.763344898097582,0.4876,0.557480150733896,0.9580146492059248
603,2.7457519792374794,0.4768,0.5526817846726481,0.9502358759119703
604,2.727530741846658,0.4753,0.5478272442437991,0.942350001761475
605,2.70868118592512,0.4697,0.542924743784146,0.9343700339835675
606,2.6898316300035807,0.4668,0.5381398070965265,0.9265659217902784
607,2.669725437020606,0.4628,0.5331612050647375,0.9184298746941147
608,2.6533891552219395,0.4543,0.5292083901113016,0.911958629341398
609,2.6383095104847083,0.4507,0.525630975246746,0.9060932436605588
610,2.623858184278195,0.4553,0.5222652519105587,0.9005674467896714
611,2.6087785395409644,0.4435,0.5188169491308586,0.8948986057691669
612,2.5886723465579893,0.4402,0.5143177712233712,0.8874909265604524
613,2.5717077462286047,0.4405,0.5106067482824999,0.8813714180237249
614,2.55474314589922,0.4376,0.5069714242587051,0.8753685088411535
615,2.5340086343855277,0.4333,0.5026280926549983,0.8681859223439735
616,2.5145307599332702,0.429,0.4986450570147298,0.8615891606400127
617,2.494424566950296,0.4234,0.4946290996986989,0.854928301442095
618,2.473061736905885,0.429,0.49046521329524484,0.8480120563208201
619,2.4510705883307566,0.4228,0.48628623778689256,0.8410606036187094
620,2.430336076817064,0.4227,0.48244265179586193,0.8346581856948142
621,2.408344928241936,0.4317,0.47846530323678893,0.8280241204791906
622,2.3882387352589607,0.4308,0.47491548412963375,0.8220956586779583
623,2.3675042237452684,0.4372,0.4713387655097452,0.8161152015354312
624,2.3492829863544475,0.4342,0.46826404286640794,0.8109684953110363
625,2.332318386025062,0.4417,0.46545741437723537,0.8062660620225088
626,2.3166104227571136,0.4434,0.4629057213159495,0.801987086778692
627,2.3040440521427543,0.4521,0.4608962453085496,0.7986149174695631
628,2.2889644074055235,0.4623,0.4585215293752102,0.7946270691836876
629,2.273256444137574,0.4725,0.4560895442074659,0.7905399765562051
630,2.2581767994003434,0.4703,0.4537940147953088,0.786679376621626
631,2.242468836132394,0.4765,0.45144279197098264,0.7827222869842926
632,2.226760872864445,0.4765,0.4491314909575263,0.7788296215334746
633,2.2066546798814706,0.4712,0.4462299518202898,0.7739390394154194
634,2.18529184983706,0.4742,0.44321534841860777,0.7688533970188532
635,2.1639290197926493,0.4707,0.4402691830240194,0.7638788368167518
636,2.1444511453403927,0.4696,0.43764103048267844,0.759437627392159
637,2.122459996765264,0.4636,0.4347385471066782,0.7545289237716151
638,2.1010971667208533,0.4637,0.4319830555805484,0.749865052693324
639,2.078477699615007,0.4528,0.4291324121287243,0.7450363163159744
640,2.0533449583862886,0.4451,0.4260434976011757,0.7397996408771709
641,2.0288405356882886,0.4449,0.4231090124176875,0.7348206492544499
642,2.00684938711316,0.4383,0.42053854841994015,0.7304560363240395
643,1.979831690292288,0.4354,0.41745983519616275,0.7252244597729409
644,1.955327267594287,0.4338,0.4147409535037309,0.7206007845335076
645,1.9301945263655689,0.4239,0.4120227920320683,0.7159750441640174
646,1.9056901036675689,0.4251,0.40943933289604495,0.7115755243043759
647,1.878672406846696,0.4203,0.40666510862912536,0.7068479058825284
648,1.85291134708726,0.41,0.40409033668751615,0.7024572166737388
649,1.827150287327824,0.4127,0.40158234778801305,0.6981777007880645
650,1.8013892275683874,0.4081,0.3991392952025905,0.6940064465590753
651,1.7749998492782328,0.4025,0.3967021368364838,0.6898427836755175
652,1.7479821524573609,0.3969,0.39427371677212697,0.685691620618234
653,1.7203361371057706,0.3958,0.39185680703408693,0.6815577533266705
654,1.6914334846927446,0.3944,0.38940149289468196,0.677355795865948
655,1.6644157878718726,0.3868,0.38717052834628213,0.6735357072889488
656,1.6348848169281285,0.3848,0.3848010344819764,0.6694762736077836
657,1.6072388015765384,0.3712,0.3826463331348703,0.6657829305424229
658,1.580221104755666,0.3675,0.3805983950306319,0.662270935249283
659,1.551946770873358,0.3586,0.37851480127623477,0.6586961577768332
660,1.5230441184603318,0.3547,0.37644628128665114,0.655145626360336
661,1.491628191924434,0.3502,0.37426639526512223,0.6514022163477429
662,1.460212265388536,0.3555,0.3721559388172193,0.647776367991445
663,1.426911383260484,0.3572,0.3699925521765821,0.6440579011874099
664,1.3929821826017144,0.3556,0.3678641729700931,0.6403979626899361
665,1.3577963448815085,0.359,0.365735512042524,0.6367359285705356
666,1.3213538700998668,0.3577,0.36361273125601173,0.6330824243726977
667,1.2842830767875073,0.358,0.36153640606500603,0.6295073603416975
668,1.245955646413712,0.3547,0.3594752360183308,0.625956926975903
669,1.2063715789784806,0.3522,0.35743514809015664,0.6224413889155925
670,1.166159193012531,0.3591,0.35545227589396805,0.6190231092503873
671,1.124690169985146,0.3544,0.353499314400756,0.6156551190154745
672,1.0825928284270427,0.3577,0.3516094850629662,0.6123948140667381
673,1.0398671683382217,0.3526,0.3497843080314257,0.6092449481375869
674,0.9965131897186824,0.3505,0.3480253008090093,0.6062082673750842
675,0.9525308925684254,0.3424,0.34633398499410967,0.6032875217859711
676,0.9085485954181682,0.3369,0.34473409764603596,0.6005238390995324
