,f0,w0,beta,error
0,6.55827596163184,4.2508061055390165,1.5602260903121585,0.0006013407526942061
1,6.583264380794733,4.323629724492774,1.4721764549712115,0.00016928296908819704
2,6.593832876339275,4.347172855472847,1.4438072757904463,0.00011085510807237486
3,6.599234489664515,4.354249588926177,1.4363413662049624,0.00010325080189820619
4,6.603109207646892,4.356632632676429,1.4348299851814523,0.00010176908620286479
5,6.606522128282938,4.3577351966033415,1.4349221473498603,0.0001012779001956646
6,6.609764661299511,4.358486358187558,1.43543303423007,0.00010100645394678144
7,6.6129157752474965,4.359134804944718,1.4360458735873016,0.00010079566073814707
8,6.615997473071263,4.359746950789015,1.4366765080603294,0.00010060671273005635
9,6.619016560577665,4.360340656015052,1.4373027444199022,0.0001004294107033168
10,6.621975778824023,4.360920861185234,1.4379188693275322,0.0001002608454423375
11,6.624876765929701,4.361489066203716,1.4385235484059642,0.00010010001140842063
12,6.627720845264976,4.362045851257078,1.4391166078777413,9.99464109107529e-05
13,6.6305092356512585,4.362591547422414,1.4396981786062117,9.979968940333501e-05
14,6.633243107844921,4.363126415189435,1.4402684684776002,9.965953964002437e-05
15,6.635923600118318,4.363650692085444,1.440827701936707,9.952567613800575e-05
16,6.638551822941309,4.364164605470003,1.4413761039970567,9.939782806125402e-05
17,6.64112886074499,4.364668376056327,1.4419138960848257,9.927573694751106e-05
18,6.643655772892168,4.365162218960385,1.4424412950298473,9.915915572370436e-05
19,6.646133594420398,4.365646344088003,1.4429585128916174,9.904784807791279e-05
20,6.6485633367091515,4.36612095634199,1.4434657570046705,9.8941587942632e-05
21,6.650945988111733,4.366586255777852,1.4439632300796819,9.884015902429583e-05
22,6.653282514563602,4.367042437742478,1.4444511303165726,9.874335436096506e-05
23,6.655573860170453,4.367489693004989,1.4449296515183219,9.865097590274635e-05
24,6.657820947777825,4.367928207882547,1.4453989832022796,9.856283411258005e-05
25,6.660024679522783,4.368358164361679,1.4458593107085038,9.847874758617144e-05
26,6.662185937368653,4.368779740215698,1.4463108153049147,9.839854268995872e-05
27,6.6643055836233565,4.369193109118217,1.4467536742893015,9.832205321615716e-05
28,6.666384461441854,4.369598440753075,1.4471880610883503,9.824912005407043e-05
29,6.668423395313432,4.369995900920698,1.4476141453537212,9.81795908767752e-05
30,6.670423191534291,4.37038565164111,1.4480320930553414,9.811331984245314e-05
31,6.672384638665964,4.370767851253657,1.4484420665719941,9.805016730962445e-05
32,6.674308507980046,4.371142654513632,1.4488442247792255,9.798999956556648e-05
33,6.676195553889795,4.371510212685865,1.4492387231347703,9.793268856729321e-05
34,6.6780465143690275,4.371870673635409,1.4496257137615276,9.787811169445439e-05
35,6.679862111358727,4.372224181915428,1.4500053455281676,9.782615151357547e-05
36,6.681643051161808,4.372570878852391,1.4503777641274482,9.777669555307525e-05
37,6.683390024826475,4.372910902628671,1.4507431121523395,9.77296360885399e-05
38,6.685103708518528,4.373244388362669,1.4511015291699858,9.76848699377483e-05
39,6.6867847638829945,4.373571468186453,1.4514531517936402,9.764229826498152e-05
40,6.688433838395496,4.37389227132114,1.4517981137526246,9.760182639417881e-05
41,6.6900515657036435,4.374206924149993,1.4521365459602866,9.75633636304716e-05
42,6.691638565958774,4.374515550289355,1.4524685765801584,9.752682308975369e-05
43,6.693195446138524,4.374818270657527,1.4527943310903113,9.749212153586307e-05
44,6.694722800360235,4.375115203541612,1.4531139323458757,9.745917922501285e-05
45,6.696221210185779,4.37540646466237,1.4534275006400181,9.742791975717124e-05
46,6.697691244917985,4.375692167237248,1.4537351537631527,9.739826993399309e-05
47,6.699133461888858,4.375972422041587,1.4540370070606208,9.73701596230603e-05
48,6.700548406739968,4.376247337468038,1.4543331734888565,9.734352162810172e-05
49,6.701936613695274,4.376517019584349,1.4546237636699995,9.731829156490597e-05
50,6.7032986058264825,4.376781572189427,1.4549088859451682,9.729440774270063e-05
51,6.704634895311339,4.377041096867913,1.4551886464262143,9.727181105069078e-05
52,6.705945983684965,4.377295693043169,1.4554631490462488,9.725044484958304e-05
53,6.707232362084532,4.377545458028776,1.4557324956087607,9.723025486779015e-05
54,6.70849451148745,4.377790487078646,1.455996785835523,9.721118910216976e-05
55,6.709732902943248,4.378030873435742,1.456256117413234,9.719319772305454e-05
56,6.71094799779944,4.37826670837942,1.4565105860390002,9.717623298337582e-05
57,6.712140247921378,4.37849808127151,1.456760285464624,9.716024913171611e-05
58,6.7133100959065155,4.378725079601177,1.4570053075397578,9.714520232908619e-05
59,6.714457975293015,4.378947789028482,1.457245742254012,9.713105056928272e-05
60,6.715584310763078,4.379166293426823,1.4574816777780149,9.711775360265935e-05
61,6.716689518340988,4.379380674924267,1.4577132005033453,9.710527286313343e-05
62,6.717774005586183,4.379591013943721,1.4579403950815855,9.709357139832041e-05
63,6.718838171781278,4.379797389242062,1.4581633444623405,9.708261380264206e-05
64,6.719882408115554,4.379999877948264,1.4583821299303235,9.707236615325313e-05
65,6.720907097863574,4.380198555600431,1.4585968311415607,9.706279594870324e-05
66,6.721912616559506,4.380393496181989,1.4588075261586615,9.705387205018468e-05
67,6.722899332167042,4.380584772156845,1.4590142914852566,9.70455646252505e-05
68,6.723867605245049,4.380772454503657,1.4592172020996077,9.703784509391851e-05
69,6.724817789109218,4.380956612749224,1.4594163314873674,9.70306860770169e-05
70,6.725750229989591,4.381137315001007,1.4596117516736113,9.702406134673281e-05
71,6.726665267184342,4.3813146279788855,1.459803533253981,9.7017945779191e-05
72,6.727563233209749,4.381488617045964,1.45999174542525,9.701231530904699e-05
73,6.728444453946531,4.381659346238749,1.460176456015035,9.70071468859642e-05
74,6.729309248782601,4.381826878296464,1.4603577315108267,9.7002418432895e-05
75,6.7301579307524255,4.381991274689697,1.4605356370883573,9.69981088061154e-05
76,6.730990806672979,4.3821525956482565,1.4607102366392988,9.699419775690718e-05
77,6.731808177276491,4.382310900188416,1.4608815927982775,9.699066589483209e-05
78,6.732610337339986,4.382466246139423,1.4610497669693023,9.698749465253299e-05
79,6.733397575811739,4.382618690169352,1.4612148193515488,9.698466625197964e-05
80,6.734170175934844,4.382768287810403,1.4613768089645383,9.698216367211536e-05
81,6.73492841536761,4.382915093483448,1.4615357936727558,9.697997061784228e-05
82,6.735672566301473,4.3830591605221105,1.4616918302096882,9.69780714902701e-05
83,6.736402895575856,4.383200541196151,1.4618449742013349,9.697645135820636e-05
84,6.737119664790498,4.3833392867343886,1.4619952801890952,9.697509593079506e-05
85,6.737823130415106,4.383475447346965,1.4621428016522737,9.697399153130776e-05
86,6.738513543896532,4.383609072247156,1.4622875910299586,9.697312507198159e-05
87,6.739191151763396,4.383740209672639,1.4624296997424115,9.697248402989546e-05
88,6.739856195728368,4.383868906906238,1.462569178212043,9.69720564238414e-05
89,6.740508912788059,4.383995210296145,1.4627060758839134,9.697183079213857e-05
90,6.7411495353206226,4.384119165275792,1.4628404412456046,9.697179617133145e-05
91,6.741778291181247,4.384240816383075,1.4629723218469455,9.69719420757917e-05
92,6.742395403795275,4.384360207279277,1.4631017643189874,9.697225847811639e-05
93,6.743001092249409,4.384477380767462,1.4632288143928052,9.697273579035549e-05
94,6.74359557138075,4.384592378810486,1.4633535169176979,9.697336484596965e-05
95,6.744179051863869,4.3847052425485575,1.4634759158791173,9.697413688255154e-05
96,6.744751740295916,4.384816012316403,1.4635960544161297,9.697504352522533e-05
97,6.74531383927983,4.38492472766006,1.463713974838502,9.697607677073403e-05
98,6.745865547505763,4.385031427353225,1.4638297186434726,9.697722897216044e-05
99,6.746407059830518,4.385136149413322,1.4639433265320412,9.697849282428199e-05
100,6.746938567355421,4.385238931117098,1.4640548384250094,9.697986134949814e-05
101,6.747460257502388,4.385339809015935,1.4641642934786394,9.6981327884345e-05
102,6.747972314088296,4.385438818950797,1.4642717300999362,9.698288606654331e-05
103,6.748474917397781,4.385535996066834,1.4643771859616732,9.69845298225837e-05
104,6.7489682442543915,4.385631374827645,1.4644806980169884,9.698625335578001e-05
105,6.749452468090203,4.385724989029238,1.4645823025138165,9.698805113486021e-05
106,6.7499277590139615,4.385816871813678,1.464682035008872,9.698991788296522e-05
107,6.750394283877647,4.385907055682442,1.4647799303813482,9.699184856711095e-05
108,6.750852206341724,4.385995572509436,1.4648760228464566,9.699383838809213e-05
109,6.75130168693891,4.386082453553774,1.4649703459684935,9.699588277075836e-05
110,6.751742883136509,4.386167729472207,1.4650629326737794,9.699797735471396e-05
111,6.752175949397581,4.386251430331359,1.4651538152632309,9.700011798537e-05
112,6.7526010372406144,4.386333585619636,1.4652430254247315,9.700230070537937e-05
113,6.753018295298058,4.386414224258899,1.4653305942451562,9.700452174638166e-05
114,6.753427869373527,4.386493374615875,1.4654165522222504,9.70067775211235e-05
115,6.753829902497833,4.386571064513305,1.465500929276183,9.70090646158601e-05
116,6.754224534983817,4.386647321240898,1.4655837547608814,9.701137978308826e-05
117,6.754611904480023,4.386722171565956,1.465665057475144,9.701371993454647e-05
118,6.754992146023183,4.386795641743892,1.4657448656734686,9.701608213452636e-05
119,6.755365392089742,4.386867757528403,1.4658232070767485,9.70184635934276e-05
120,6.755731772646099,4.38693854418151,1.465900108882629,9.702086166158678e-05
121,6.756091415197989,4.387008026483328,1.4659755977757687,9.702327382335163e-05
122,6.756444444838717,4.387076228741657,1.4660496999378039,9.702569769139092e-05
123,6.756790984296412,4.387143174801372,1.4661224410571323,9.702813100123877e-05
124,6.75713115398028,4.387208888053578,1.4661938463384967,9.703057160605127e-05
125,6.75746507202595,4.3872733914445865,1.4662639405124105,9.703301747158477e-05
126,6.75779285433983,4.387336707484761,1.466332747844295,9.703546667136934e-05
127,6.758114614642567,4.387398858257053,1.4664002921435335,9.703791738207352e-05
128,6.758430464511566,4.387459865425478,1.4664665967722639,9.704036787906898e-05
129,6.758740513422763,4.387519750243326,1.466531684654071,9.704281653216203e-05
130,6.759044868791351,4.387578533561283,1.4665955782823927,9.70452618015058e-05
131,6.75934363601178,4.387636235835285,1.466658299728851,9.70477022336703e-05
132,6.759636918496982,4.38769287713429,1.466719870651376,9.705013645787443e-05
133,6.759924817716685,4.387748477147855,1.4667803123021637,9.705256318237673e-05
134,6.760207433234995,4.387803055193523,1.4668396455355093,9.705498119100629e-05
135,6.760484862747237,4.387856630224158,1.4668978908153743,9.705738933982682e-05
136,6.7607572021160385,4.387909220834991,1.4669550682229753,9.705978655395338e-05
137,6.761024545406608,4.387960845270626,1.4670111974640798,9.706217182449303e-05
138,6.761286984921383,4.38801152143186,1.4670662978761477,9.706454420558448e-05
139,6.761544611233972,4.388061266882357,1.4671203884354922,9.706690281160847e-05
140,6.761797513222373,4.388110098855223,1.4671734877640843,9.706924681446261e-05
141,6.762045778101561,4.3881580342593764,1.4672256141364108,9.707157544097851e-05
142,6.762289491455343,4.388205089685865,1.4672767854860251,9.707388797042525e-05
143,6.762528737267665,4.388251281414005,1.4673270194121069,9.707618373213194e-05
144,6.762763597953277,4.388296625417413,1.4673763331858358,9.707846210319766e-05
145,6.762994154387738,4.3883411373699195,1.4674247437565895,9.708072250628631e-05
146,6.76322048593685,4.388384832651319,1.4674722677581473,9.708296440753697e-05
147,6.763442670485446,4.388427726353076,1.4675189215146092,9.708518731453584e-05
148,6.763660784465776,4.388469833283876,1.4675647210463407,9.708739077438643e-05
149,6.763874902885119,4.388511167975047,1.4676096820756983,9.708957437184554e-05
150,6.764085099352943,4.38855174468589,1.4676538200327205,9.709173772755668e-05
151,6.764291446107557,4.388591577408922,1.4676971500606486,9.70938804963368e-05
152,6.764494014042162,4.388630679874972,1.4677396870213602,9.709600236554147e-05
153,6.764692872730485,4.388669065558233,1.4677814455007088,9.709810305350479e-05
154,6.764888090451746,4.388706747681111,1.467822439813729,9.71001823080245e-05
155,6.765079734215333,4.388743739219127,1.4678626840097817,9.710223990494329e-05
156,6.7652678697848385,4.388780052905582,1.467902191877545,9.71042756467513e-05
157,6.7654525617016725,4.38881570123618,1.4679409769499432,9.71062893612651e-05
158,6.7656338733082,4.38885069647358,1.4679790525090073,9.710828090037904e-05
159,6.7658118667705045,4.3888850506518615,1.4680164315905655,9.711025013883984e-05
160,6.7659866031005595,4.388918775580815,1.4680531269889034,9.711219697307857e-05
161,6.766158142178096,4.388951882850303,1.468089151261293,9.711412132011528e-05
162,6.76632654277196,4.388984383834366,1.4681245167324841,9.711602311648107e-05
163,6.766491862561119,4.389016289695356,1.4681592354990474,9.711790231719476e-05
164,6.766654158155191,4.389047611387956,1.4681933194337142,9.711975889480263e-05
165,6.7668134851146045,4.389078359663127,1.4682267801895081,9.712159283842448e-05
166,6.766969897970432,4.38910854507195,1.4682596292039587,9.712340415286898e-05
167,6.767123450243651,4.389138177969454,1.4682918777030523,9.712519285777591e-05
168,6.7672741944643064,4.389167268518274,1.4683235367052958,9.712695898678929e-05
169,6.767422182190038,4.389195826692363,1.4683546170255257,9.712870258678452e-05
170,6.767567464024394,4.389223862280497,1.4683851292787853,9.713042371711031e-05
171,6.767710089634751,4.389251384889795,1.468415083884024,9.713212244886599e-05
172,6.76785010776992,4.389278403949178,1.4684444910677923,9.713379886422741e-05
173,6.767987566277355,4.389304928712686,1.4684733608678406,9.713545305577809e-05
174,6.768122512120079,4.389330968262817,1.468501703136644,9.713708512589056e-05
175,6.7682549913932375,4.389356531513732,1.468529527544881,9.713869518612449e-05
176,6.7683850493404165,4.389381627214458,1.4685568435847978,9.714028335664702e-05
177,6.768512730369532,4.3894062639519635,1.468583660573572,9.714184976568966e-05
178,6.76863807806849,4.389430450154225,1.4686099876565708,9.714339454902607e-05
179,6.768761135220544,4.389454194093227,1.4686358338105585,9.714491784947246e-05
180,6.768881943819333,4.389477503887881,1.4686612078468306,9.714641981640513e-05
181,6.769000545083653,4.3895003875068985,1.4686861184143205,9.714790060530763e-05
182,6.769116979471905,4.3895228527716155,1.4687105740026114,9.714936037733691e-05
183,6.769231286696329,4.38954490735877,1.4687345829448888,9.715079929890314e-05
184,6.76934350573689,4.389566558803188,1.4687581534208998,9.715221754128362e-05
185,6.769453674855003,4.389587814500481,1.468781293459753,9.71536152802332e-05
186,6.769561831606879,4.389608681709608,1.4688040109427747,9.7154992695632e-05
187,6.769668012856688,4.389629167555472,1.4688263136062067,9.71563499711357e-05
188,6.7697722547894585,4.389649279031421,1.4688482090439474,9.715768729385939e-05
189,6.769874592923751,4.389669023001702,1.4688697047101675,9.715900485405068e-05
190,6.769975062124016,4.389688406203872,1.4688908079219292,9.716030284480591e-05
191,6.7700736966128074,4.389707435251177,1.4689115258617091,9.716158146177874e-05
192,6.770170529982702,4.389726116634863,1.468931865579918,9.716284090291643e-05
193,6.770265595208043,4.389744456726474,1.468951833997329,9.716408136820032e-05
194,6.770358924656414,4.3897624617800615,1.468971437907508,9.716530305940446e-05
195,6.770450550099923,4.389780137934399,1.468990683979163,9.716650617986717e-05
196,6.7705405027262335,4.389797491215098,1.4690095787584545,9.716769093426278e-05
197,6.770628813149494,4.389814527536772,1.4690281286712685,9.716885752840244e-05
198,6.770715511420886,4.389831252705047,1.4690463400254516,9.717000616902958e-05
199,6.770800627039141,4.389847672418636,1.4690642190129797,9.71711370636339e-05
200,6.770884188960763,4.389863792271301,1.4690817717121158,9.717225042027009e-05
201,6.770966225610119,4.389879617753816,1.4690990040895504,9.717334644739802e-05
202,6.771046764889234,4.389895154255881,1.4691159220023944,9.71744253537094e-05
203,6.771125834187542,4.389910407068016,1.4691325312002703,9.717548734799105e-05
204,6.771203460391338,4.389925381383398,1.4691488373272295,9.717653263896307e-05
205,6.7712796698931115,4.389940082299634,1.4691648459238094,9.717756143516294e-05
206,6.771354488600729,4.389954514820607,1.4691805624288305,9.717857394479846e-05
207,6.77142794194631,4.389968683858135,1.4691959921813824,9.717957037564484e-05
208,6.771500054895144,4.389982594233756,1.469211140422584,9.718055093491697e-05
209,6.771570851954228,4.389996250680358,1.4692260122974337,9.718151582917018e-05
210,6.771640357180803,4.390009657843825,1.4692406128565747,9.718246526418989e-05
211,6.771708594190647,4.390022820284673,1.4692549470580425,9.718339944490889e-05
212,6.771775586166258,4.390035742479609,1.4692690197689626,9.71843185753015e-05
213,6.77184135586482,4.390048428823108,1.4692828357672476,9.718522285832053e-05
214,6.771905925626118,4.390060883628907,1.469296399743224,9.71861124957946e-05
215,6.771969317380156,4.390073111131531,1.4693097163012538,9.718698768837701e-05
216,6.772031552654848,4.390085115487733,1.4693227899613284,9.718784863545758e-05
217,6.772092652583318,4.390096900777957,1.4693356251606053,9.71886955351118e-05
218,6.772152637911263,4.3901084710077285,1.4693482262549382,9.718952858402852e-05
219,6.772211529004108,4.390119830109062,1.4693605975204138,9.719034797747016e-05
220,6.772269345853958,4.390130981941796,1.4693727431547774,9.719115390920732e-05
221,6.772326108086552,4.390141930294962,1.469384667278882,9.719194657147527e-05
222,6.772381834967937,4.390152678888044,1.4693963739381108,9.719272615492622e-05
223,6.772436545411201,4.390163231372314,1.4694078671037654,9.719349284858999e-05
224,6.772490257982897,4.390173591332068,1.4694191506744507,9.719424683984687e-05
225,6.772542990909452,4.390183762285844,1.4694302284773761,9.719498831436991e-05
226,6.772594762083451,4.390193747687685,1.4694411042696982,9.719571745611872e-05
227,6.772645589069792,4.390203550928282,1.4694517817397899,9.719643444728661e-05
228,6.772695489111649,4.390213175336172,1.4694622645085376,9.719713946830261e-05
229,6.7727444791365015,4.390222624178882,1.4694725561305142,9.719783269777381e-05
230,6.772792575761849,4.390231900664036,1.4694826600952784,9.719851431249412e-05
231,6.772839795300998,4.3902410079404675,1.4694925798285414,9.719918448741028e-05
232,6.772886153768593,4.390249949099322,1.4695023186933172,9.719984339561047e-05
233,6.772931666886163,4.390258727175115,1.4695118799910818,9.720049120830674e-05
234,6.772976350087456,4.390267345146742,1.4695212669629472,9.72011280948287e-05
235,6.773020218523813,4.390275805938539,1.4695304827907136,9.720175422260076e-05
236,6.773063287069251,4.390284112421285,1.4695395305979855,9.720236975715131e-05
237,6.773105570325675,4.390292267413167,1.4695484134512526,9.720297486209065e-05
238,6.773147082627806,4.390300273680776,1.4695571343609062,9.720356969911319e-05
239,6.773187838048128,4.39030813394004,1.4695656962822992,9.720415442799275e-05
240,6.773227850401654,4.3903158508571485,1.4695741021167423,9.720472920658007e-05
241,6.773267133250728,4.3903234270494895,1.4695823547124953,9.720529419079975e-05
242,6.773305699909657,4.390330865086543,1.4695904568657547,9.720584953465608e-05
243,6.773343563449186,4.390338167490736,1.4695984113215796,9.720639539022461e-05
244,6.773380736701047,4.3903453367383465,1.4696062207748746,9.720693190767428e-05
245,6.773417232262327,4.390352375260323,1.469613887871257,9.720745923524705e-05
246,6.77345306249982,4.390359285443137,1.4696214152080163,9.720797751928124e-05
247,6.773488239554152,4.390366069629602,1.4696288053349538,9.720848690421588e-05
248,6.773522775344003,4.390372730119646,1.46963606075525,9.720898753257864e-05
249,6.77355668157019,4.390379269171131,1.4696431839264026,9.720947954502752e-05
250,6.773589969719631,4.3903856890006265,1.4696501772609496,9.720996308032968e-05
251,6.773622651069263,4.390391991784121,1.4696570431273714,9.72104382753791e-05
252,6.773654736689927,4.390398179657839,1.4696637838508757,9.721090526522044e-05
253,6.773686237450143,4.390404254718931,1.4696704017141704,9.721136418304014e-05
254,6.7737171640197875,4.390410219026177,1.4696768989582902,9.721181516019251e-05
255,6.773747526873762,4.390416074600732,1.4696832777832936,9.721225832620148e-05
256,6.773777336295569,4.390421823426782,1.4696895403490864,9.721269380878416e-05
257,6.773806602380807,4.390427467452237,1.4696956887761017,9.721312173385332e-05
258,6.773835335040621,4.390433008589394,1.4697017251460476,9.721354222553733e-05
259,6.7738635440051,4.390438448715603,1.4697076515026166,9.721395540619591e-05
260,6.773891238826559,4.390443789673879,1.4697134698521688,9.721436139642512e-05
261,6.773918428882835,4.390449033273563,1.4697191821644267,9.72147603150832e-05
262,6.773945123380459,4.390454181290912,1.4697247903731672,9.721515227930307e-05
263,6.773971331357783,4.39045923546974,1.4697302963768177,9.721553740450394e-05
264,6.773997061688091,4.390464197521974,1.4697357020391537,9.721591580440578e-05
265,6.774022323082625,4.390469069128267,1.4697410091899445,9.721628759105752e-05
266,6.7740471240935225,4.390473851938569,1.4697462196255227,9.721665287483914e-05
267,6.774071473116733,4.390478547572661,1.4697513351094433,9.721701176448565e-05
268,6.774095378394911,4.390483157620761,1.4697563573730545,9.721736436710501e-05
269,6.774118848020185,4.390487683644001,1.4697612881161026,9.721771078818633e-05
270,6.774141889936942,4.390492127175013,1.4697661290073192,9.721805113163045e-05
271,6.774164511944494,4.390496489718444,1.4697708816849484,9.72183854997601e-05
272,6.774186721699798,4.390500772751421,1.4697755477573524,9.721871399332637e-05
273,6.774208526719963,4.390504977724124,1.4697801288035237,9.721903671155068e-05
274,6.77422993438494,4.3905091060602235,1.4697846263736507,9.721935375211806e-05
275,6.774250951939899,4.3905131591574005,1.4697890419896382,9.721966521121762e-05
276,6.774271586497775,4.390517138387817,1.4697933771455678,9.721997118353356e-05
277,6.774291845041693,4.390521045098574,1.469797633308314,9.722027176229131e-05
278,6.774311734427273,4.390524880612155,1.4698018119179312,9.72205670392443e-05
279,6.774331261385028,4.3905286462269055,1.4698059143882474,9.72208571047253e-05
280,6.774350432522631,4.3905323432174805,1.4698099421072468,9.722114204763911e-05
281,6.774369254327171,4.390535972835242,1.4698138964376177,9.722142195548987e-05
282,6.774387733167323,4.39053953630872,1.4698177787171596,9.722169691439677e-05
283,6.774405875295565,4.390543034844004,1.4698215902592782,9.7221967009112e-05
284,6.7744236868502625,4.390546469625159,1.4698253323534365,9.722223232304189e-05
285,6.774441173857772,4.3905498418146705,1.469829006265514,9.722249293825694e-05
286,6.774458342234492,4.390553152553762,1.469832613238356,9.722274893551633e-05
287,6.774475197788857,4.390556402962846,1.4698361544921137,9.722300039428408e-05
288,6.774491746223327,4.39055959414189,1.4698396312246587,9.722324739273991e-05
289,6.7745079931363055,4.390562727170767,1.4698430446120343,9.722349000780407e-05
290,6.774523944024082,4.39056580310965,1.46984639580883,9.72237283151513e-05
291,6.774539604282646,4.3905688229993665,1.4698496859485723,9.722396238923146e-05
292,6.774554979209544,4.390571787861746,1.4698529161441025,9.722419230328011e-05
293,6.774570074005717,4.390574698699982,1.469856087487967,9.72244181293382e-05
294,6.774584893777181,4.390577556498947,1.4698592010527904,9.722463993827238e-05
295,6.774599443536822,4.3905803622255375,1.4698622578916274,9.722485779978334e-05
296,6.774613728206101,4.390583116829023,1.4698652590383323,9.722507178243203e-05
297,6.774627752616702,4.390585821241334,1.4698682055079075,9.722528195364743e-05
298,6.774641521512155,4.390588476377418,1.4698710982968302,9.722548837975102e-05
299,6.774655039549498,4.390591083135509,1.4698739383834236,9.722569112596531e-05
300,6.774668311300813,4.390593642397468,1.4698767267281443,9.722589025643059e-05
301,6.774681341254781,4.390596155029061,1.4698794642739617,9.722608583423133e-05
302,6.774694133818266,4.3905986218802715,1.469882151946623,9.722627792139348e-05
303,6.774706693317698,4.390601043785539,1.4698847906550134,9.722646657891066e-05
304,6.774719024000645,4.390603421564127,1.4698873812914452,9.722665186676893e-05
305,6.774731130037181,4.390605756020323,1.4698899247319566,9.722683384394395e-05
306,6.7747430155213575,4.390608047943763,1.4698924218365872,9.722701256842096e-05
307,6.774754684472562,4.390610298109655,1.4698948734497412,9.722718809721758e-05
308,6.774766140836883,4.390612507279105,1.469897280400383,9.72273604863938e-05
309,6.774777388488442,4.3906146761993,1.4698996435023857,9.722752979106221e-05
310,6.7747884312307365,4.390616805603818,1.469901963554778,9.722769606540793e-05
311,6.774799272797891,4.390618896212848,1.469904241342024,9.722785936270202e-05
312,6.774809916855946,4.39062094873346,1.4699064776342774,9.722801973531656e-05
313,6.774820367004122,4.390622963859811,1.469908673187664,9.722817723473227e-05
314,6.774830626775966,4.390624942273392,1.4699108287445175,9.722833191155775e-05
315,6.774840699640638,4.3906268846432885,1.4699129450336292,9.722848381554237e-05
316,6.774850589004027,4.390628791626378,1.4699150227705147,9.722863299559236e-05
317,6.774860298209941,4.390630663867547,1.4699170626576512,9.722877949977706e-05
318,6.774869830541197,4.390632501999935,1.469919065384692,9.722892337534758e-05
319,6.774879189220802,4.390634306645133,1.4699210316287274,9.722906466874611e-05
320,6.774888377412965,4.390636078413392,1.469922962054522,9.722920342562757e-05
321,6.774897398224243,4.390637817903842,1.4699248573146866,9.722933969085312e-05
322,6.774906254704534,4.390639525704683,1.4699267180499664,9.722947350852448e-05
323,6.774914949848139,4.390641202393392,1.4699285448894144,9.722960492198433e-05
324,6.774923486594787,4.390642848536928,1.4699303384506164,9.722973397383097e-05
325,6.774931867830601,4.390644464691882,1.4699320993399072,9.722986070592454e-05
326,6.774940096389102,4.390646051404733,1.4699338281525638,9.722998515941258e-05
327,6.774948175052171,4.390647609211969,1.4699355254730166,9.723010737472438e-05
328,6.7749561065509605,4.390649138640329,1.469937191875032,9.723022739160026e-05
329,6.774963893566835,4.390650640206909,1.4699388279219396,9.723034524908745e-05
330,6.774971538732301,4.390652114419389,1.4699404341668068,9.723046098556159e-05
331,6.774979044631872,4.390653561776237,1.4699420111525567,9.723057463872911e-05
332,6.774986413802954,4.390654982766772,1.4699435594123007,9.723068624564789e-05
333,6.774993648736706,4.390656377871413,1.4699450794694036,9.723079584273057e-05
334,6.77500075187888,4.390657747561849,1.4699465718376679,9.72309034657587e-05
335,6.775007725630642,4.390659092301136,1.469948037021557,9.723100914989013e-05
336,6.775014572349396,4.3906604125438955,1.4699494755163358,9.723111292967102e-05
337,6.775021294349597,4.390661708736502,1.4699508878082284,9.723121483905223e-05
338,6.775027893903491,4.390662981317117,1.4699522743746223,9.72313149113795e-05
339,6.775034373241926,4.390664230715981,1.469953635684189,9.723141317943082e-05
340,6.7750407345550965,4.390665457355454,1.4699549721970728,9.723150967540447e-05
341,6.7750469799932596,4.3906666616502195,1.4699562843650098,9.723160443093726e-05
342,6.775053111667518,4.3906678440074005,1.4699575726315208,9.723169747711509e-05
343,6.77505913165046,4.3906690048266785,1.469958837432039,9.723178884447515e-05
344,6.775065041976945,4.3906701445004845,1.4699600791940657,9.723187856302743e-05
345,6.775070844644706,4.390671263414057,1.4699612983373163,9.723196666224899e-05
346,6.775076541615119,4.3906723619456605,1.469962495273834,9.723205317110273e-05
347,6.775082134813756,4.390673440466609,1.4699636704081833,9.723213811804058e-05
348,6.775087626131131,4.390674499341493,1.4699648241375398,9.723222153102063e-05
349,6.775093017423331,4.390675538928249,1.4699659568518402,9.723230343750244e-05
350,6.775098310512569,4.390676559578273,1.46996706893393,9.723238386446808e-05
351,6.775103507187884,4.390677561636569,1.4699681607596657,9.723246283842112e-05
352,6.7751086092057005,4.390678545441857,1.4699692326980578,9.72325403854006e-05
353,6.775113618290449,4.390679511326672,1.4699702851114127,9.723261653098874e-05
354,6.775118536135122,4.39068045961751,1.4699713183553829,9.723269130030901e-05
355,6.775123364401868,4.390681390634896,1.4699723327791885,9.723276471804839e-05
356,6.775128104722559,4.390682304693517,1.4699733287256795,9.723283680845594e-05
357,6.775132758699313,4.390683202102336,1.4699743065314423,9.723290759535275e-05
358,6.775137327905059,4.390684083164665,1.469975266526948,9.723297710213708e-05
359,6.775141813884081,4.390684948178322,1.4699762090366246,9.72330453517955e-05
360,6.775146218152499,4.390685797435663,1.4699771343790207,9.723311236690899e-05
361,6.775150542198839,4.390686631223741,1.4699780428668443,9.72331781696528e-05
362,6.775154787484456,4.390687449824366,1.4699789348071262,9.723324278181585e-05
363,6.775158955444112,4.390688253514208,1.4699798105013058,9.72333062247969e-05
364,6.775163047486435,4.3906890425648974,1.4699806702453366,9.72333685196172e-05
365,6.775167064994365,4.39068981724315,1.4699815143297332,9.723342968692409e-05
366,6.775171009325667,4.39069057781076,1.4699823430397827,9.723348974699655e-05
367,6.775174881813348,4.390691324524805,1.4699831566555388,9.723354871976053e-05
368,6.775178683766127,4.390692057637647,1.4699839554519418,9.723360662477691e-05
369,6.775182416468858,4.3906927773970486,1.4699847396989616,9.723366348127004e-05
370,6.77518608118305,4.3906934840462855,1.4699855096616068,9.723371930811299e-05
371,6.775189679147169,4.3906941778241615,1.4699862656001015,9.723377412384945e-05
372,6.775193211577136,4.390694858965167,1.4699870077698833,9.723382794668907e-05
373,6.775196679666727,4.390695527699506,1.4699877364217668,9.723388079452162e-05
374,6.775200084587964,4.390696184253177,1.4699884518019912,9.723393268491275e-05
375,6.7752034274915,4.390696828848078,1.4699891541522903,9.723398363511707e-05
376,6.775206709507022,4.390697461702049,1.4699898437100218,9.723403366208504e-05
377,6.77520993174366,4.390698083028967,1.4699905207081971,9.723408278245724e-05
378,6.775213095290318,4.390698693038806,1.4699911853756007,9.723413101258328e-05
379,6.775216201216079,4.39069929193773,1.4699918379368533,9.723417836852447e-05
380,6.775219250570539,4.390699879928132,1.4699924786124465,9.7234224866042e-05
381,6.775222244384174,4.390700457208715,1.4699931076189083,9.723427052062921e-05
382,6.775225183668673,4.390701023974589,1.4699937251687745,9.723431534749868e-05
383,6.775228069417295,4.390701580417268,1.4699943314707211,9.723435936158142e-05
384,6.775230902605248,4.39070212672482,1.4699949267296488,9.723440257755884e-05
385,6.775233684189917,4.3907026630818535,1.4699955111466885,9.723444500983337e-05
386,6.775236415111265,4.390703189669619,1.4699960849193354,9.723448667255844e-05
387,6.775239096292126,4.390703706666076,1.4699966482414757,9.723452757963438e-05
388,6.775241728638546,4.390704214245928,1.4699972013034717,9.723456774470803e-05
389,6.775244313040043,4.3907047125807175,1.4699977442921897,9.723460718118346e-05
390,6.775246850369921,4.390705201838847,1.4699982773911247,9.723464590222951e-05
391,6.775249341485612,4.390705682185652,1.4699988007804068,9.72346839207697e-05
392,6.775251787228882,4.390706153783445,1.4699993146369,9.723472124950166e-05
393,6.775254188426192,4.390706616791597,1.4699998191342505,9.72347579008972e-05
394,6.775256545888944,4.390707071366579,1.4700003144429177,9.723479388720023e-05
395,6.775258860413752,4.390707517662004,1.4700008007302756,9.72348292204384e-05
396,6.775261132782713,4.390707955828669,1.4700012781606446,9.723486391241739e-05
397,6.775263363763691,4.390708386014651,1.470001746895347,9.723489797473678e-05
398,6.775265554110564,4.390708808365325,1.4700022070927685,9.72349314187859e-05
399,6.775267704563431,4.390709223023404,1.4700026589084132,9.72349642557523e-05
400,6.7752698158489695,4.390709630128998,1.4700031024949503,9.723499649661329e-05
401,6.775271888680606,4.390710029819696,1.4700035380022711,9.723502815216254e-05
402,6.77527392375876,4.390710422230564,1.470003965577521,9.723505923298932e-05
403,6.775275921771077,4.390710807494184,1.4700043853651792,9.723508974949263e-05
404,6.775277883392695,4.390711185740744,1.4700047975071169,9.72351197118948e-05
405,6.775279809286456,4.390711557098072,1.4700052021425596,9.723514913022043e-05
406,6.77528170010311,4.390711921691638,1.4700055994082495,9.723517801432125e-05
407,6.775283556481574,4.390712279644654,1.4700059894384199,9.723520637387312e-05
408,6.775285379049104,4.3907126310780695,1.4700063723648533,9.723523421837302e-05
409,6.77528716842153,4.39071297611063,1.4700067483169479,9.723526155715122e-05
410,6.775288925203501,4.39071331485894,1.470007117421722,9.723528839936568e-05
411,6.775290649988621,4.390713647437459,1.4700074798038933,9.723531475401151e-05
412,6.775292343359674,4.390713973958554,1.4700078355859245,9.723534062992326e-05
413,6.775294005888849,4.390714294532567,1.47000818488802,9.723536603577425e-05
414,6.775295638137911,4.390714609267833,1.4700085278281971,9.723539098008228e-05
415,6.775297240658369,4.390714918270685,1.4700088645223408,9.723541547121134e-05
416,6.7752988139917045,4.3907152216455385,1.4700091950842085,9.723543951737222e-05
417,6.775300358669529,4.390715519494901,1.4700095196255054,9.723546312663368e-05
418,6.775301875213781,4.390715811919428,1.470009838255869,9.72354863069128e-05
419,6.775303364136894,4.390716099017909,1.470010151082988,9.723550906598678e-05
420,6.77530482594195,4.390716380887375,1.4700104582125404,9.723553141149331e-05
421,6.775306261122872,4.390716657623054,1.4700107597483032,9.723555335092748e-05
422,6.775307670164586,4.390716929318457,1.4700110557921684,9.723557489165648e-05
423,6.775309053543193,4.390717196065397,1.4700113464441515,9.723559604090893e-05
424,6.775310411726126,4.390717457953997,1.4700116318024652,9.723561680578249e-05
425,6.7753117451722895,4.390717715072753,1.4700119119635333,9.723563719325346e-05
426,6.775313054332223,4.390717967508529,1.4700121870220098,9.723565721016122e-05
427,6.775314339648273,4.390718215346639,1.4700124570708282,9.723567686323285e-05
428,6.775315601554729,4.390718458670812,1.4700127222012407,9.723569615906654e-05
429,6.77531684047797,4.390718697563272,1.4700129825028245,9.723571510414375e-05
430,6.775318056836602,4.390718932104736,1.470013238063533,9.723573370482956e-05
431,6.7753192510415925,4.390719162374456,1.4700134889696943,9.723575196736964e-05
432,6.775320423496466,4.390719388450221,1.4700137353061178,9.723576989790228e-05
433,6.775321574597367,4.390719610408441,1.4700139771560108,9.72357875024529e-05
434,6.775322704733202,4.390719828324093,1.4700142146010995,9.723580478693731e-05
435,6.775323814285851,4.3907200422708295,1.4700144477216035,9.723582175716646e-05
436,6.7753249036302075,4.3907202523209214,1.470014676596291,9.72358384188393e-05
437,6.775325973134327,4.390720458545344,1.4700149013024988,9.723585477756004e-05
438,6.7753270231595755,4.390720661013791,1.470015121916141,9.723587083883014e-05
439,6.775328054060718,4.3907208597946425,1.4700153385117716,9.723588660804532e-05
440,6.77532906618608,4.390721054955093,1.4700155511625599,9.72359020905128e-05
441,6.775330059877639,4.390721246561085,1.4700157599403376,9.723591729143428e-05
442,6.775331035471125,4.3907214346773324,1.4700159649156792,9.723593221592434e-05
443,6.7753319932961755,4.3907216193674055,1.4700161661578306,9.723594686900234e-05
444,6.7753329336764105,4.390721800693723,1.470016363734767,9.723596125559692e-05
445,6.775333856929567,4.390721978717536,1.4700165577132556,9.723597538054482e-05
446,6.775334763367578,4.3907221534989995,1.4700167481588362,9.723598924860118e-05
447,6.775335653296704,4.390722325097163,1.4700169351358616,9.723600286443146e-05
448,6.775336527017641,4.390722493570014,1.4700171187075006,9.72360162326169e-05
449,6.775337384825582,4.390722658974463,1.4700172989357752,9.723602935765257e-05
450,6.775338227010343,4.390722821366409,1.4700174758815732,9.723604224395912e-05
451,6.775339053856497,4.390722980800718,1.4700176496046875,9.723605489587242e-05
452,6.775339865643401,4.390723137331249,1.4700178201638128,9.723606731764839e-05
453,6.775340662645331,4.390723291010903,1.4700179876165629,9.723607951346871e-05
454,6.7753414451315725,4.3907234418916,1.4700181520195374,9.723609148744388e-05
455,6.775342213366511,4.390723590024316,1.4700183134282647,9.723610324359742e-05
456,6.775342967609701,4.390723735459098,1.470018471897289,9.723611478589031e-05
457,6.775343708115961,4.390723878245089,1.4700186274801408,9.723612611820778e-05
458,6.775344435135507,4.39072401843053,1.4700187802293974,9.72361372443662e-05
459,6.775345148913971,4.390724156062796,1.4700189301966597,9.723614816811322e-05
460,6.77534584969251,4.390724291188369,1.4700190774325974,9.723615889312147e-05
461,6.775346537707893,4.390724423852918,1.470019221986972,9.723616942301199e-05
462,6.775347213192592,4.390724554101272,1.4700193639085888,9.723617976132149e-05
463,6.775347876374811,4.3907246819774235,1.4700195032454293,9.723618991153801e-05
464,6.775348527478635,4.390724807524578,1.47001964004457,9.723619987707827e-05
465,6.775349166724034,4.3907249307851695,1.4700197743522128,9.723620966130067e-05
466,6.77534979432699,4.3907250518008345,1.4700199062137382,9.72362192674985e-05
467,6.775350410499547,4.390725170612458,1.4700200356737012,9.723622869890836e-05
468,6.775351015449901,4.390725287260178,1.4700201627758522,9.723623795870777e-05
469,6.77535160938242,4.390725401783414,1.4700202875631245,9.72362470500186e-05
470,6.775352192497797,4.390725514220868,1.4700204100776728,9.723625597590211e-05
471,6.775352764993023,4.390725624610513,1.4700205303608942,9.723626473936432e-05
472,6.775353327061533,4.390725732989652,1.470020648453439,9.723627334336211e-05
473,6.775353878893232,4.390725839394902,1.4700207643951906,9.723628179079025e-05
474,6.775354420674565,4.390725943862215,1.4700208782253297,9.723629008449797e-05
475,6.7753549525885735,4.390726046426887,1.470020989982317,9.72362982272813e-05
476,6.775355474814985,4.39072614712358,1.4700210997038954,9.723630622188157e-05
477,6.775355987530208,4.3907262459862935,1.4700212074271581,9.723631407099622e-05
478,6.775356490907487,4.39072634304844,1.4700213131884883,9.723632177726853e-05
479,6.775356985116899,4.390726438342818,1.470021417023618,9.723632934329678e-05
480,6.775357470325413,4.3907265319016275,1.4700215189676233,9.723633677163138e-05
481,6.775357946696965,4.3907266237564695,1.4700216190549584,9.72363440647763e-05
482,6.775358414392511,4.390726713938381,1.470021717319438,9.723635122519007e-05
483,6.775358873570046,4.390726802477836,1.4700218137942542,9.723635825528804e-05
484,6.775359324384717,4.390726889404744,1.4700219085120048,9.723636515743889e-05
485,6.775359766988832,4.390726974748471,1.4700220015046894,9.723637193396835e-05
486,6.775360201531948,4.390727058537866,1.4700220928037246,9.723637858716332e-05
487,6.775360628160856,4.390727140801213,1.4700221824399728,9.723638511926645e-05
488,6.775361047019704,4.390727221566326,1.4700222704436974,9.723639153247959e-05
489,6.7753614582500195,4.390727300860487,1.4700223568446467,9.723639782896678e-05
490,6.775361861990719,4.390727378710486,1.4700224416719982,9.72364040108499e-05
491,6.775362258378227,4.390727455142622,1.4700225249544214,9.723641008021301e-05
492,6.775362647546459,4.3907275301827235,1.4700226067200572,9.723641603910642e-05
493,6.775363029626892,4.390727603856135,1.4700226869965238,9.72364218895356e-05
494,6.775363404748622,4.390727676187766,1.4700227658109308,9.723642763347543e-05
495,6.775363773038391,4.390727747202041,1.4700228431899205,9.723643327286187e-05
496,6.775364134620629,4.390727816922947,1.4700229191596503,9.723643880960004e-05
497,6.775364489617488,4.390727885374046,1.4700229937457643,9.72364442455536e-05
498,6.775364838148917,4.390727952578476,1.4700230669734669,9.723644958255959e-05
499,6.775365180332674,4.3907280185589395,1.4700231388674927,9.723645482241556e-05
500,6.775365516284361,4.390728083337714,1.4700232094521493,9.723645996689003e-05
501,6.775365846117472,4.390728146936689,1.4700232787512748,9.723646501771805e-05
502,6.775366169943451,4.39072820937736,1.470023346788281,9.723646997660444e-05
503,6.775366487871712,4.390728270680818,1.4700234135861507,9.72364748452188e-05
504,6.775366800009671,4.390728330867783,1.4700234791674636,9.723647962520911e-05
505,6.775367106462778,4.390728389958589,1.4700235435543587,9.723648431818343e-05
506,6.775367407334563,4.390728447973188,1.4700236067686065,9.723648892572687e-05
507,6.7753677027266805,4.39072850493118,1.4700236688315609,9.723649344939232e-05
508,6.775367992738935,4.390728560851828,1.4700237297641832,9.723649789071003e-05
509,6.775368277469298,4.390728615754001,1.4700237895870634,9.723650225117239e-05
510,6.775368557013983,4.390728669656266,1.4700238483204195,9.723650653225706e-05
511,6.7753688314674205,4.390728722576825,1.4700239059840787,9.72365107354023e-05
512,6.775369100922347,4.390728774533565,1.470023962597535,9.723651486203078e-05
513,6.7753693654698,4.390728825544028,1.4700240181799236,9.723651891353404e-05
514,6.775369625199159,4.390728875625466,1.4700240727500002,9.723652289127752e-05
515,6.775369880198169,4.3907289247947885,1.470024126326214,9.723652679660467e-05
516,6.775370130552984,4.390728973068607,1.4700241789266768,9.723653063083603e-05
517,6.775370376348193,4.390729020463238,1.4700242305691393,9.723653439526075e-05
518,6.775370617666839,4.390729066994684,1.4700242812710707,9.723653809115279e-05
519,6.775370854590434,4.390729112678671,1.470024331049584,9.723654171975808e-05
520,6.775371087199037,4.390729157530632,1.4700243799214945,9.72365452822984e-05
521,6.775371315571216,4.390729201565716,1.470024427903325,9.723654877997954e-05
522,6.775371539784168,4.390729244798809,1.470024475011285,9.723655221398105e-05
523,6.7753717599136145,4.39072928724452,1.4700245212612866,9.72365555854639e-05
524,6.7753719760339415,4.39072932891718,1.470024566668963,9.723655889556381e-05
525,6.775372188218159,4.3907293698308765,1.4700246112496385,9.723656214539655e-05
526,6.775372396537954,4.390729409999414,1.4700246550183986,9.723656533606028e-05
527,6.775372601063701,4.390729449436396,1.4700246979900038,9.723656846863484e-05
528,6.775372801864505,4.390729488155118,1.4700247401789857,9.723657154417199e-05
529,6.775372999008218,4.390729526168678,1.4700247815996053,9.723657456371583e-05
530,6.775373192561428,4.390729563489911,1.470024822265843,9.723657752828172e-05
531,6.775373382589532,4.3907296001314196,1.470024862191446,9.723658043886948e-05
532,6.775373569156742,4.390729636105593,1.4700249013899047,9.723658329646411e-05
533,6.775373752326092,4.39072967142459,1.4700249398744576,9.72365861020301e-05
534,6.775373932159464,4.390729706100339,1.4700249776581125,9.723658885651525e-05
535,6.7753741087176085,4.390729740144553,1.4700250147536276,9.723659156084706e-05
536,6.775374282060169,4.390729773568737,1.4700250511735298,9.723659421593868e-05
537,6.775374452245726,4.390729806384171,1.4700250869301443,9.723659682268654e-05
538,6.775374619331751,4.390729838601954,1.4700251220355387,9.723659938197369e-05
539,6.775374783374715,4.390729870232963,1.4700251565015692,9.723660189465811e-05
540,6.775374944430036,4.390729901287895,1.470025190339892,9.72366043615952e-05
541,6.7753751025521405,4.39072993177724,1.4700252235619242,9.723660678361119e-05
542,6.7753752577944395,4.3907299617112905,1.4700252561789087,9.723660916152811e-05
543,6.775375410209374,4.390729991100173,1.4700252882018423,9.723661149614669e-05
544,6.775375559848436,4.390730019953795,1.4700253196415671,9.723661378825539e-05
545,6.7753757067621905,4.390730048281927,1.4700253505086944,9.723661603863143e-05
546,6.775375851000278,4.390730076094136,1.4700253808136443,9.723661824802945e-05
547,6.775375992611422,4.390730103399815,1.4700254105666641,9.723662041719841e-05
548,6.775376131643458,4.390730130208175,1.4700254397778092,9.723662254686748e-05
549,6.77537626814337,4.390730156528291,1.470025468456948,9.723662463776012e-05
550,6.775376402157272,4.390730182369046,1.470025496613773,9.723662669058036e-05
551,6.775376533730443,4.390730207739181,1.4700255242577809,9.723662870602045e-05
552,6.775376662907329,4.390730232647257,1.4700255513983271,9.723663068476216e-05
553,6.775376789731571,4.390730257101698,1.4700255780445677,9.72366326274728e-05
554,6.775376914246026,4.390730281110762,1.4700256042055142,9.723663453480898e-05
555,6.7753770364927774,4.390730304682556,1.4700256298900127,9.723663640741353e-05
556,6.775377156513086,4.39073032782505,1.4700256551067283,9.723663824592161e-05
557,6.775377274347532,4.390730350546063,1.4700256798641786,9.723664005094988e-05
558,6.7753773900359215,4.3907303728532625,1.4700257041707434,9.723664182311037e-05
559,6.775377503617319,4.390730394754192,1.470025728034621,9.723664356300154e-05
560,6.775377615130109,4.390730416256257,1.4700257514638668,9.723664527121023e-05
561,6.775377724611967,4.390730437366708,1.4700257744664122,9.723664694831321e-05
562,6.775377832099889,4.390730458092684,1.4700257970500261,9.7236648594877e-05
563,6.77537793763019,4.390730478441191,1.4700258192223334,9.723665021145758e-05
564,6.77537804123851,4.3907304984190985,1.4700258409908298,9.723665179860203e-05
565,6.775378142959857,4.390730518033156,1.4700258623628675,9.723665335684535e-05
566,6.775378242828612,4.3907305372899925,1.4700258833456663,9.723665488671228e-05
567,6.775378340878494,4.3907305561961145,1.4700259039463084,9.723665638872048e-05
568,6.775378437142648,4.3907305747579075,1.4700259241717641,9.72366578633772e-05
569,6.775378531653582,4.390730592981646,1.4700259440288634,9.723665931118216e-05
570,6.775378624443215,4.390730610873474,1.4700259635243136,9.723666073262146e-05
571,6.775378715542936,4.390730628439455,1.470025982664701,9.723666212817632e-05
572,6.7753788049834975,4.390730645685512,1.4700260014564979,9.723666349831863e-05
573,6.7753788927951275,4.390730662617479,1.4700260199060462,9.723666484351061e-05
574,6.775378979007491,4.390730679241075,1.4700260380195809,9.723666616420697e-05
575,6.775379063649706,4.390730695561905,1.4700260558032332,9.723666746085388e-05
576,6.775379146750361,4.390730711585492,1.4700260732629917,9.723666873388771e-05
577,6.775379228337551,4.390730727317253,1.4700260904047615,9.723666998373894e-05
578,6.7753793084388345,4.390730742762493,1.4700261072343461,9.723667121083077e-05
579,6.77537938708127,4.3907307579264385,1.4700261237574104,9.723667241557469e-05
580,6.775379464291423,4.390730772814208,1.47002613997956,9.72366735983831e-05
581,6.7753795400954075,4.390730787430845,1.4700261559062544,9.723667475965088e-05
582,6.775379614518797,4.390730801781272,1.470026171542887,9.723667589977243e-05
583,6.7753796875867565,4.390730815870341,1.470026186894732,9.723667701912925e-05
584,6.775379759323962,4.390730829702812,1.4700262019669867,9.7236678118104e-05
585,6.775379829754654,4.390730843283356,1.4700262167647407,9.723667919706544e-05
586,6.775379898902623,4.390730856616562,1.4700262312929904,9.723668025637857e-05
587,6.775379966791225,4.390730869706938,1.4700262455566429,9.723668129640146e-05
588,6.775380033443402,4.390730882558906,1.4700262595605111,9.723668231748352e-05
589,6.775380098881691,4.390730895176809,1.470026273309344,9.723668331997264e-05
590,6.775380163128175,4.3907309075649135,1.4700262868077696,9.723668430420663e-05
591,6.7753802262045655,4.390730919727388,1.4700263000603582,9.723668527051464e-05
592,6.775380288132181,4.390730931668361,1.47002631307158,9.72366862192263e-05
593,6.7753803489319395,4.390730943391852,1.4700263258458321,9.723668715065842e-05
594,6.775380408624384,4.390730954901833,1.4700263383874463,9.723668806513308e-05
595,6.775380467229679,4.390730966202189,1.4700263507006364,9.723668896295196e-05
596,6.775380524767623,4.39073097729674,1.4700263627895698,9.723668984442097e-05
597,6.775380581257666,4.390730988189229,1.470026374658339,9.723669070983753e-05
598,6.7753806367188885,4.390730998883341,1.4700263863109506,9.723669155949519e-05
599,6.775380691170017,4.390731009382687,1.4700263977513286,9.723669239367747e-05
600,6.7753807446294525,4.390731019690811,1.4700264089833568,9.723669321267039e-05
601,6.7753807971152575,4.390731029811195,1.4700264200108293,9.723669401674953e-05
602,6.775380848645163,4.390731039747265,1.470026430837451,9.723669480618321e-05
603,6.775380899236576,4.390731049502374,1.4700264414668947,9.723669558124159e-05
604,6.775380948906605,4.390731059079811,1.4700264519027575,9.723669634218376e-05
605,6.775380997672013,4.390731068482829,1.4700264621485557,9.723669708927175e-05
606,6.775381045549287,4.390731077714591,1.4700264722077512,9.723669782275237e-05
607,6.775381092554591,4.390731086778209,1.470026482083749,9.723669854287434e-05
608,6.775381138703807,4.390731095676763,1.4700264917798755,9.723669924988329e-05
609,6.775381184012522,4.390731104413267,1.4700265012993972,9.72366999440183e-05
610,6.775381228496056,4.390731112990641,1.4700265106455572,9.723670062551004e-05
611,6.775381272169443,4.390731121411803,1.4700265198214948,9.723670129458995e-05
612,6.775381315047424,4.390731129679595,1.4700265288303245,9.72367019514878e-05
613,6.775381357144487,4.3907311377968075,1.4700265376750734,9.723670259642038e-05
614,6.775381398474864,4.390731145766188,1.470026546358744,9.723670322960995e-05
615,6.775381439052519,4.390731153590424,1.4700265548842641,9.723670385126674e-05
616,6.775381478891142,4.39073116127217,1.4700265632545024,9.723670446160345e-05
617,6.775381518004202,4.390731168814008,1.4700265714723002,9.723670506082468e-05
618,6.775381556404924,4.390731176218488,1.4700265795404377,9.723670564913357e-05
619,6.775381594106263,4.390731183488107,1.4700265874616325,9.723670622672673e-05
620,6.775381631120958,4.39073119062533,1.470026595238562,9.723670679380254e-05
621,6.775381667461546,4.390731197632573,1.470026602873858,9.723670735055166e-05
622,6.775381703140278,4.390731204512197,1.4700266103700925,9.723670789716111e-05
623,6.775381738169201,4.390731211266527,1.470026617729798,9.723670843381616e-05
624,6.775381772560165,4.390731217897828,1.4700266249554756,9.723670896069573e-05
625,6.775381806324781,4.39073122440838,1.4700266320495432,9.723670947798368e-05
626,6.7753818394744645,4.390731230800346,1.4700266390144134,9.723670998584772e-05
627,6.77538187202039,4.390731237075901,1.4700266458524345,9.723671048446517e-05
628,6.775381903973599,4.390731243237158,1.470026652565924,9.723671097399982e-05
629,6.775381935344854,4.3907312492862,1.4700266591571496,9.723671145462037e-05
630,6.775381966144765,4.390731255225086,1.470026665628325,9.723671192648902e-05
631,6.7753819963837225,4.3907312610558025,1.4700266719816397,9.723671238976173e-05
632,6.775382026071948,4.390731266780327,1.4700266782192515,9.723671284460008e-05
633,6.775382055219485,4.390731272400592,1.4700266843432608,9.723671329115326e-05
634,6.775382083836171,4.390731277918504,1.4700266903557306,9.723671372957464e-05
635,6.775382111931667,4.390731283335917,1.4700266962586992,9.723671416001155e-05
636,6.775382139515482,4.390731288654666,1.4700267020541649,9.723671458261e-05
637,6.775382166596925,4.390731293876548,1.470026707744076,9.723671499751141e-05
638,6.7753821931851475,4.390731299003326,1.47002671333036,9.723671540485663e-05
639,6.775382219289138,4.390731304036732,1.4700267188149125,9.723671580478523e-05
640,6.775382244917699,4.390731308978468,1.4700267241995664,9.723671619742847e-05
641,6.775382270079497,4.3907313138302,1.4700267294861549,9.7236716582921e-05
642,6.775382294783051,4.390731318593568,1.4700267346764682,9.723671696139317e-05
643,6.775382319036689,4.390731323270193,1.4700267397722453,9.72367173329738e-05
644,6.775382342848601,4.390731327861636,1.47002674477522,9.723671769778624e-05
645,6.775382366226845,4.390731332369464,1.4700267496870767,9.723671805595582e-05
646,6.775382389179316,4.39073133679519,1.470026754509472,9.723671840759989e-05
647,6.775382411713762,4.390731341140311,1.4700267592440477,9.723671875284228e-05
648,6.775382433837802,4.390731345406299,1.4700267638923936,9.72367190917971e-05
649,6.775382455558908,4.390731349594593,1.4700267684560795,9.72367194245785e-05
650,6.775382476884424,4.390731353706606,1.4700267729366525,9.723671975129927e-05
651,6.775382497821535,4.3907313577437295,1.4700267773356208,9.723672007207068e-05
652,6.775382518377335,4.390731361707331,1.4700267816544654,9.723672038699882e-05
653,6.775382538558758,4.390731365598733,1.470026785894665,9.723672069619142e-05
654,6.775382558372639,4.390731369419278,1.4700267900576296,9.723672099975351e-05
655,6.775382577825652,4.390731373170237,1.4700267941447853,9.723672129778921e-05
656,6.775382596924379,4.3907313768528775,1.4700267981574968,9.723672159039386e-05
657,6.775382615675269,4.390731380468449,1.47002680209713,9.723672187767091e-05
658,6.775382634084657,4.390731384018171,1.470026805965009,9.723672215971442e-05
659,6.77538265215877,4.390731387503247,1.4700268097624543,9.723672243662512e-05
660,6.775382669903701,4.39073139092485,1.4700268134907268,9.723672270848991e-05
661,6.775382687325457,4.390731394284135,1.4700268171511066,9.723672297540452e-05
662,6.775382704429909,4.390731397582237,1.47002682074482,9.723672323745812e-05
663,6.775382721222855,4.390731400820276,1.4700268242730792,9.723672349473831e-05
664,6.775382737709967,4.390731403999348,1.4700268277370765,9.723672374733298e-05
665,6.775382753896799,4.390731407120515,1.4700268311379918,9.723672399532787e-05
666,6.77538276978883,4.390731410184838,1.4700268344769694,9.723672423880681e-05
667,6.775382785391439,4.390731413193351,1.4700268377551389,9.723672447785095e-05
668,6.775382800709881,4.390731416147078,1.4700268409735984,9.723672471254201e-05
669,6.775382815749338,4.390731419047007,1.4700268441334454,9.723672494295869e-05
670,6.775382830514889,4.390731421894116,1.470026847235744,9.72367251691777e-05
671,6.775382845011512,4.390731424689376,1.4700268502815388,9.72367253912781e-05
672,6.775382859244132,4.390731427433729,1.470026853271867,9.723672560933381e-05
673,6.7753828732175325,4.390731430128101,1.4700268562077303,9.723672582341819e-05
674,6.775382886936433,4.390731432773399,1.4700268590901229,9.723672603360356e-05
675,6.775382900405483,4.3907314353705225,1.4700268619200159,9.723672623996013e-05
676,6.775382913629235,4.390731437920339,1.4700268646983812,9.723672644255893e-05
677,6.77538292661214,4.390731440423721,1.4700268674261383,9.723672664146834e-05
678,6.775382939358602,4.390731442881512,1.4700268701042214,9.723672683675612e-05
679,6.775382951872925,4.3907314452945405,1.4700268727335246,9.723672702848551e-05
680,6.7753829641593315,4.390731447663624,1.4700268753149432,9.7236727216724e-05
681,6.775382976221961,4.390731449989547,1.4700268778493553,9.723672740153338e-05
682,6.775382988064893,4.390731452273119,1.470026880337599,9.72367275829779e-05
683,6.775382999692146,4.390731454515102,1.4700268827805312,9.723672776111833e-05
684,6.775383011107641,4.390731456716259,1.4700268851789664,9.72367279360148e-05
685,6.775383022315223,4.39073145887732,1.4700268875337164,9.723672810772329e-05
686,6.775383033318679,4.390731460999022,1.4700268898455837,9.72367282763063e-05
687,6.775383044121744,4.390731463082084,1.4700268921153512,9.723672844182012e-05
688,6.775383054728058,4.390731465127208,1.4700268943437746,9.723672860431745e-05
689,6.775383065141196,4.39073146713508,1.470026896531612,9.723672876385444e-05
690,6.775383075364701,4.390731469106388,1.4700268986796143,9.723672892048894e-05
691,6.775383085402013,4.390731471041799,1.4700269007884907,9.723672907427056e-05
692,6.77538309525651,4.390731472941957,1.470026902858958,9.723672922525096e-05
693,6.7753831049315485,4.390731474807509,1.4700269048917232,9.723672937348152e-05
694,6.775383114430356,4.39073147663908,1.4700269068874654,9.723672951901368e-05
695,6.77538312375619,4.390731478437303,1.4700269088468534,9.723672966189365e-05
696,6.775383132912177,4.390731480202773,1.4700269107705581,9.72367298021714e-05
697,6.7753831419014015,4.390731481936089,1.4700269126592262,9.723672993989473e-05
698,6.775383150726907,4.390731483637832,1.4700269145135003,9.723673007510942e-05
699,6.775383159391675,4.390731485308586,1.4700269163339958,9.723673020786118e-05
700,6.775383167898642,4.390731486948913,1.4700269181213492,9.723673033819881e-05
701,6.775383176250673,4.390731488559357,1.4700269198761413,9.723673046615789e-05
702,6.775383184450596,4.39073149014048,1.4700269215989736,9.723673059178886e-05
703,6.775383192501179,4.390731491692811,1.4700269232904297,9.723673071513298e-05
704,6.775383200405149,4.3907314932168635,1.470026924951079,9.723673083622768e-05
705,6.7753832081651595,4.390731494713161,1.4700269265814874,9.723673095511947e-05
706,6.775383215783837,4.390731496182203,1.4700269281822003,9.723673107184452e-05
707,6.775383223263762,4.3907314976244916,1.4700269297537636,9.723673118644498e-05
708,6.775383230607463,4.390731499040511,1.4700269312967056,9.723673129895763e-05
709,6.775383237817414,4.390731500430744,1.4700269328115438,9.723673140942135e-05
710,6.775383244896055,4.3907315017956545,1.4700269342987944,9.723673151787273e-05
711,6.775383251845785,4.390731503135711,1.4700269357589621,9.72367316243504e-05
712,6.775383258668926,4.390731504451358,1.4700269371925274,9.723673172888702e-05
713,6.77538326536781,4.390731505743047,1.4700269385999838,9.723673183151988e-05
714,6.775383271944686,4.390731507011208,1.4700269399818175,9.723673193228582e-05
715,6.775383278401774,4.3907315082562715,1.4700269413384754,9.723673203121442e-05
716,6.775383284741264,4.390731509478663,1.4700269426704224,9.723673212834176e-05
717,6.775383290965306,4.390731510678791,1.4700269439781122,9.723673222369897e-05
718,6.775383297076002,4.390731511857063,1.4700269452619925,9.723673231732061e-05
719,6.7753833030754,4.390731513013878,1.4700269465224935,9.723673240923993e-05
720,6.77538330896552,4.390731514149618,1.4700269477600294,9.723673249948181e-05
721,6.775383314748376,4.390731515264682,1.4700269489750237,9.723673258808159e-05
722,6.775383320425913,4.390731516359423,1.4700269501679017,9.72367326750661e-05
723,6.775383326000055,4.390731517434239,1.470026951339044,9.72367327604666e-05
724,6.775383331472661,4.390731518489471,1.4700269524888663,9.723673284431349e-05
725,6.775383336845609,4.390731519525491,1.4700269536177448,9.723673292663354e-05
726,6.775383342120705,4.390731520542649,1.4700269547260532,9.723673300745291e-05
727,6.775383347299734,4.3907315215412765,1.470026955814187,9.723673308680133e-05
728,6.7753833523844404,4.390731522521716,1.4700269568825062,9.723673316470503e-05
729,6.77538335737653,4.390731523484294,1.4700269579313623,9.723673324118767e-05
730,6.7753833622777,4.3907315244293414,1.4700269589611192,9.723673331627866e-05
731,6.775383367089608,4.390731525357181,1.470026959972121,9.723673339000277e-05
732,6.775383371813871,4.390731526268117,1.4700269609647094,9.723673346238344e-05
733,6.775383376452099,4.39073152716247,1.4700269619392115,9.723673353344505e-05
734,6.775383381005848,4.390731528040536,1.4700269628959675,9.72367336032143e-05
735,6.775383385476663,4.3907315289026005,1.470026963835304,9.723673367171086e-05
736,6.775383389866047,4.3907315297489715,1.4700269647575246,9.723673373896056e-05
737,6.775383394175506,4.390731530579926,1.4700269656629652,9.723673380498775e-05
738,6.775383398406458,4.3907315313957485,1.4700269665519012,9.723673386981099e-05
739,6.775383402560371,4.390731532196701,1.470026967424662,9.723673393345203e-05
740,6.775383406638629,4.390731532983076,1.470026968281522,9.723673399593616e-05
741,6.775383410642618,4.390731533755136,1.4700269691227685,9.723673405728127e-05
742,6.775383414573685,4.390731534513127,1.4700269699486996,9.723673411750835e-05
743,6.775383418433148,4.390731535257312,1.470026970759594,9.723673417664074e-05
744,6.775383422222311,4.390731535987949,1.4700269715557064,9.723673423469513e-05
745,6.775383425942469,4.390731536705273,1.4700269723373234,9.723673429169065e-05
746,6.775383429594885,4.390731537409533,1.4700269731047195,9.723673434765121e-05
747,6.7753834331807825,4.390731538100978,1.4700269738581202,9.72367344025905e-05
748,6.775383436701373,4.390731538779815,1.4700269745978094,9.723673445652717e-05
749,6.775383440157834,4.390731539446296,1.4700269753240363,9.723673450948774e-05
750,6.775383443551354,4.390731540100639,1.4700269760370215,9.723673456147819e-05
751,6.775383446883064,4.390731540743068,1.4700269767370229,9.723673461252401e-05
752,6.7753834501540995,4.390731541373793,1.470026977424282,9.723673466264012e-05
753,6.775383453365576,4.390731541993029,1.4700269780990256,9.723673471184192e-05
754,6.775383456518556,4.390731542600993,1.4700269787614806,9.723673476015038e-05
755,6.77538345961411,4.390731543197884,1.4700269794118666,9.723673480757772e-05
756,6.775383462653274,4.390731543783903,1.4700269800504042,9.723673485414156e-05
757,6.7753834656370895,4.390731544359247,1.4700269806773114,9.723673489985602e-05
758,6.775383468566564,4.390731544924109,1.4700269812928068,9.723673494473821e-05
759,6.775383471442688,4.390731545478684,1.4700269818970948,9.723673498880365e-05
760,6.77538347426643,4.390731546023165,1.4700269824903713,9.72367350320667e-05
761,6.775383477038739,4.390731546557724,1.4700269830728463,9.72367350745419e-05
762,6.775383479760563,4.390731547082551,1.4700269836447122,9.723673511624376e-05
763,6.775383482432811,4.390731547597815,1.470026984206166,9.723673515718588e-05
764,6.775383485056398,4.390731548103699,1.4700269847573875,9.723673519738104e-05
765,6.77538348763221,4.390731548600369,1.4700269852985737,9.723673523684458e-05
766,6.775383490161099,4.390731549087998,1.470026985829898,9.723673527559005e-05
767,6.7753834926439325,4.390731549566743,1.4700269863515503,9.723673531363026e-05
768,6.775383495081552,4.39073155003676,1.470026986863709,9.723673535097632e-05
769,6.775383497474762,4.390731550498226,1.4700269873665377,9.723673538764607e-05
770,6.775383499824397,4.39073155095129,1.4700269878601957,9.723673542364363e-05
771,6.775383502131238,4.3907315513960965,1.4700269883448724,9.723673545898675e-05
772,6.775383504396076,4.390731551832805,1.4700269888207187,9.723673549368499e-05
773,6.7753835066196615,4.39073155226155,1.4700269892879108,9.723673552775214e-05
774,6.775383508802754,4.390731552682495,1.4700269897465938,9.723673556120098e-05
775,6.775383510946072,4.390731553095774,1.470026990196915,9.72367355940402e-05
776,6.775383513050358,4.390731553501532,1.4700269906390253,9.723673562627988e-05
777,6.77538351511632,4.390731553899893,1.47002699107309,9.723673565793191e-05
778,6.775383517144651,4.390731554290998,1.4700269914992479,9.723673568900745e-05
779,6.775383519136051,4.390731554674981,1.4700269919176518,9.723673571951858e-05
780,6.775383521091183,4.390731555051972,1.4700269923284366,9.723673574947435e-05
781,6.775383523010705,4.390731555422104,1.470026992731728,9.72367357788836e-05
782,6.775383524895272,4.3907315557854885,1.470026993127682,9.723673580775712e-05
783,6.775383526745509,4.390731556142252,1.4700269935164252,9.723673583610474e-05
784,6.775383528562043,4.390731556492512,1.4700269938980906,9.723673586393549e-05
785,6.775383530345503,4.390731556836406,1.4700269942728033,9.723673589126186e-05
786,6.775383532096477,4.390731557174032,1.4700269946406805,9.723673591808639e-05
787,6.775383533815567,4.390731557505505,1.4700269950018734,9.72367359444249e-05
788,6.775383535503349,4.3907315578309465,1.4700269953564857,9.723673597028485e-05
789,6.77538353716039,4.390731558150457,1.4700269957046346,9.723673599567149e-05
790,6.775383538787249,4.39073155846415,1.4700269960464445,9.723673602059688e-05
791,6.7753835403844835,4.3907315587721305,1.47002699638203,9.723673604506828e-05
792,6.775383541952616,4.3907315590745055,1.4700269967114987,9.723673606909514e-05
793,6.775383543492186,4.390731559371365,1.4700269970349686,9.72367360926824e-05
794,6.775383545003728,4.39073155966282,1.4700269973525517,9.723673611584078e-05
795,6.77538354648774,4.390731559948963,1.4700269976643514,9.72367361385766e-05
796,6.775383547944716,4.390731560229901,1.4700269979704699,9.723673616090043e-05
797,6.7753835493751735,4.390731560505724,1.4700269982710115,9.723673618281579e-05
798,6.775383550779576,4.39073156077653,1.4700269985660739,9.72367362043326e-05
799,6.775383552158386,4.390731561042395,1.470026998855769,9.723673622545868e-05
800,6.775383553512098,4.390731561303426,1.4700269991401864,9.723673624620016e-05
801,6.775383554841155,4.390731561559689,1.4700269994194284,9.723673626656118e-05
802,6.7753835561460045,4.390731561811289,1.4700269996935875,9.723673628655344e-05
803,6.775383557427098,4.39073156205831,1.4700269999627495,9.723673630618076e-05
804,6.775383558684848,4.3907315623008305,1.4700270002270077,9.72367363254508e-05
805,6.7753835599197085,4.390731562538937,1.4700270004864562,9.723673634436976e-05
806,6.775383561132068,4.390731562772706,1.4700270007411766,9.723673636294454e-05
807,6.775383562322343,4.390731563002222,1.4700270009912546,9.723673638118173e-05
808,6.775383563490945,4.390731563227557,1.4700270012367818,9.723673639908677e-05
809,6.77538356463826,4.39073156344878,1.470027001477838,9.723673641666406e-05
810,6.775383565764681,4.390731563665975,1.4700270017145074,9.723673643392231e-05
811,6.775383566870591,4.390731563879219,1.4700270019468586,9.723673645086501e-05
812,6.775383567956351,4.390731564088579,1.4700270021749813,9.723673646750099e-05
813,6.775383569022345,4.390731564294125,1.4700270023989528,9.723673648383372e-05
814,6.775383570068926,4.390731564495931,1.4700270026188385,9.723673649986788e-05
815,6.775383571096429,4.39073156469406,1.4700270028347153,9.72367365156104e-05
816,6.775383572105227,4.390731564888577,1.47002700304667,9.723673653106699e-05
817,6.775383573095655,4.390731565079546,1.470027003254768,9.723673654624088e-05
818,6.775383574068057,4.390731565267048,1.4700270034590746,9.723673656114006e-05
819,6.775383575022741,4.390731565451133,1.4700270036596546,9.723673657576661e-05
820,6.775383575960029,4.390731565631861,1.4700270038565806,9.723673659012607e-05
821,6.775383576880247,4.390731565809299,1.470027004049926,9.723673660422604e-05
822,6.775383577783713,4.390731565983502,1.4700270042397479,9.723673661806682e-05
823,6.775383578670736,4.390731566154537,1.4700270044261172,9.723673663165729e-05
824,6.775383579541584,4.390731566322455,1.4700270046090862,9.723673664499979e-05
825,6.775383580396581,4.390731566487321,1.47002700478872,9.723673665809939e-05
826,6.775383581236002,4.390731566649176,1.4700270049650912,9.723673667096092e-05
827,6.775383582060147,4.390731566808097,1.4700270051382436,9.723673668358935e-05
828,6.7753835828692655,4.390731566964105,1.4700270053082412,9.72367366959832e-05
829,6.775383583663662,4.390731567117282,1.4700270054751507,9.72367367081555e-05
830,6.775383584443578,4.390731567267669,1.4700270056390086,9.723673672010399e-05
831,6.775383585209291,4.390731567415318,1.4700270057998865,9.72367367318361e-05
832,6.775383585961064,4.390731567560275,1.4700270059578395,9.723673674335477e-05
833,6.775383586699148,4.390731567702591,1.4700270061129121,9.723673675466195e-05
834,6.775383587423793,4.390731567842318,1.470027006265163,9.723673676576418e-05
835,6.775383588135231,4.3907315679795005,1.47002700641464,9.723673677666519e-05
836,6.77538358883372,4.390731568114182,1.4700270065613958,9.72367367873665e-05
837,6.775383589519481,4.390731568246415,1.4700270067054748,9.723673679787373e-05
838,6.775383590192749,4.390731568376233,1.4700270068469317,9.723673680818845e-05
839,6.775383590853763,4.390731568503688,1.4700270069858121,9.72367368183148e-05
840,6.775383591502742,4.390731568628823,1.4700270071221686,9.723673682825825e-05
841,6.77538359213989,4.39073156875168,1.4700270072560355,9.723673683802048e-05
842,6.775383592765437,4.390731568872301,1.4700270073874646,9.723673684760492e-05
843,6.775383593379597,4.390731568990723,1.4700270075165023,9.723673685701422e-05
844,6.775383593982573,4.390731569106991,1.470027007643188,9.723673686625244e-05
845,6.775383594574556,4.3907315692211375,1.4700270077675714,9.723673687532384e-05
846,6.775383595155759,4.390731569333203,1.4700270078896815,9.723673688422695e-05
847,6.775383595726383,4.3907315694432345,1.4700270080095676,9.723673689296924e-05
848,6.775383596286628,4.39073156955126,1.4700270081272855,9.723673690155468e-05
849,6.775383596836658,4.39073156965732,1.4700270082428397,9.723673690997988e-05
850,6.775383597376663,4.390731569761447,1.4700270083562978,9.723673691825424e-05
851,6.775383597906834,4.390731569863669,1.4700270084676932,9.723673692637646e-05
852,6.77538359842736,4.390731569964045,1.4700270085770486,9.723673693435118e-05
853,6.775383598938406,4.390731570062585,1.4700270086844218,9.723673694218129e-05
854,6.775383599440142,4.390731570159325,1.4700270087898417,9.723673694986755e-05
855,6.775383599932739,4.3907315702543075,1.4700270088933423,9.72367369574156e-05
856,6.7753836004163634,4.390731570347561,1.4700270089949565,9.723673696482626e-05
857,6.775383600891183,4.390731570439114,1.4700270090947154,9.723673697209976e-05
858,6.775383601357352,4.390731570529002,1.470027009192658,9.723673697924188e-05
859,6.775383601815036,4.390731570617259,1.4700270092888175,9.723673698625532e-05
860,6.775383602264372,4.3907315707038945,1.4700270093832295,9.723673699313907e-05
861,6.77538360270553,4.390731570788965,1.4700270094759142,9.723673699989887e-05
862,6.775383603138656,4.39073157087248,1.470027009566913,9.723673700653362e-05
863,6.775383603563894,4.390731570954482,1.4700270096562547,9.723673701305021e-05
864,6.775383603981371,4.390731571034974,1.470027009743971,9.723673701944515e-05
865,6.775383604391259,4.3907315711140065,1.4700270098300916,9.723673702572492e-05
866,6.775383604793685,4.390731571191601,1.4700270099146497,9.723673703189218e-05
867,6.775383605188789,4.390731571267785,1.4700270099976596,9.723673703794443e-05
868,6.775383605576687,4.39073157134258,1.4700270100791593,9.723673704388772e-05
869,6.775383605957521,4.390731571416012,1.4700270101591744,9.723673704972232e-05
870,6.775383606331418,4.39073157148811,1.4700270102377253,9.723673705544989e-05
871,6.775383606698491,4.390731571558892,1.4700270103148512,9.723673706107548e-05
872,6.775383607058888,4.390731571628388,1.4700270103905662,9.723673706659656e-05
873,6.775383607412721,4.3907315716966195,1.4700270104649058,9.723673707201879e-05
874,6.775383607760114,4.390731571763594,1.4700270105379027,9.723673707734048e-05
875,6.775383608101168,4.390731571829356,1.4700270106095623,9.723673708256644e-05
876,6.775383608436032,4.390731571893932,1.4700270106799092,9.72367370876964e-05
877,6.775383608764779,4.390731571957317,1.4700270107489857,9.72367370927333e-05
878,6.775383609087546,4.39073157201956,1.4700270108167923,9.723673709767835e-05
879,6.775383609404437,4.390731572080659,1.4700270108833755,9.723673710253309e-05
880,6.775383609715556,4.390731572140646,1.4700270109487465,9.723673710729976e-05
881,6.775383610020999,4.390731572199542,1.4700270110129192,9.72367371119788e-05
882,6.7753836103208975,4.39073157225737,1.4700270110759295,9.723673711657431e-05
883,6.775383610615327,4.390731572314145,1.4700270111377887,9.723673712108562e-05
884,6.775383610904378,4.390731572369881,1.4700270111985168,9.723673712551372e-05
885,6.775383611188185,4.390731572424599,1.4700270112581528,9.723673712986216e-05
886,6.775383611466819,4.390731572478328,1.4700270113166916,9.723673713413084e-05
887,6.775383611740376,4.3907315725310765,1.4700270113741696,9.723673713832312e-05
888,6.77538361200896,4.390731572582863,1.4700270114305998,9.723673714243738e-05
889,6.775383612272647,4.390731572633704,1.4700270114860057,9.723673714647743e-05
890,6.775383612531531,4.390731572683623,1.470027011540399,9.723673715044435e-05
891,6.775383612785698,4.390731572732635,1.470027011593797,9.723673715433855e-05
892,6.775383613035237,4.390731572780747,1.470027011646225,9.723673715816004e-05
893,6.775383613280234,4.390731572827992,1.4700270116977023,9.723673716191571e-05
894,6.775383613520757,4.3907315728743725,1.4700270117482348,9.723673716560102e-05
895,6.7753836137569,4.390731572919908,1.4700270117978442,9.723673716921802e-05
896,6.775383613988751,4.390731572964615,1.4700270118465573,9.723673717277083e-05
897,6.775383614216367,4.390731573008501,1.4700270118943801,9.7236737176257e-05
898,6.775383614439856,4.390731573051593,1.4700270119413397,9.723673717968168e-05
899,6.775383614659269,4.3907315730938965,1.4700270119874421,9.723673718304303e-05
900,6.775383614874687,4.390731573135437,1.4700270120326955,9.723673718634244e-05
901,6.77538361508617,4.390731573176213,1.4700270120771388,9.723673718958478e-05
902,6.775383615293807,4.390731573216249,1.4700270121207573,9.723673719276402e-05
903,6.775383615497657,4.3907315732555565,1.4700270121635917,9.723673719588871e-05
904,6.775383615697804,4.390731573294149,1.4700270122056422,9.723673719895481e-05
905,6.775383615894308,4.390731573332043,1.4700270122469286,9.723673720196676e-05
906,6.775383616087226,4.3907315733692425,1.470027012287458,9.723673720492177e-05
907,6.775383616276639,4.390731573405761,1.470027012327255,9.723673720782245e-05
908,6.775383616462605,4.390731573441625,1.470027012366323,9.72367372106723e-05
909,6.775383616645171,4.390731573476826,1.4700270124046841,9.723673721346997e-05
910,6.775383616824408,4.390731573511384,1.4700270124423447,9.723673721621574e-05
911,6.7753836170003865,4.390731573545316,1.4700270124793196,9.723673721891222e-05
912,6.77538361717316,4.390731573578633,1.4700270125156167,9.723673722155935e-05
913,6.775383617342795,4.390731573611341,1.470027012551255,9.72367372241571e-05
914,6.775383617509333,4.39073157364345,1.4700270125862527,9.723673722670975e-05
915,6.775383617672853,4.390731573674982,1.4700270126206079,9.723673722921538e-05
916,6.775383617833387,4.390731573705934,1.4700270126543389,9.723673723167488e-05
917,6.775383617990999,4.390731573736329,1.4700270126874506,9.723673723409012e-05
918,6.775383618145729,4.390731573766158,1.470027012719966,9.723673723646041e-05
919,6.775383618297654,4.390731573795457,1.4700270127518793,9.723673723878777e-05
920,6.775383618446804,4.390731573824216,1.4700270127832162,9.723673724107284e-05
921,6.775383618593238,4.390731573852456,1.47002701281398,9.723673724331688e-05
922,6.775383618736992,4.3907315738801715,1.470027012844186,9.723673724551913e-05
923,6.775383618878148,4.3907315739073915,1.470027012873842,9.723673724768197e-05
924,6.775383619016727,4.390731573934114,1.4700270129029562,9.723673724980519e-05
925,6.775383619152781,4.390731573960346,1.4700270129315423,9.723673725188903e-05
926,6.775383619286366,4.390731573986101,1.4700270129596114,9.723673725393557e-05
927,6.775383619417518,4.390731574011389,1.4700270129871704,9.723673725594586e-05
928,6.775383619546263,4.390731574036215,1.4700270130142186,9.723673725791809e-05
929,6.775383619672667,4.390731574060588,1.4700270130407775,9.723673725985512e-05
930,6.775383619796774,4.390731574084518,1.4700270130668451,9.723673726175409e-05
931,6.775383619918621,4.390731574108014,1.4700270130924564,9.723673726362443e-05
932,6.77538362003825,4.390731574131083,1.470027013117587,9.723673726545674e-05
933,6.7753836201556945,4.390731574153736,1.47002701314225,9.723673726725476e-05
934,6.7753836202709925,4.390731574175964,1.4700270131664812,9.723673726902205e-05
935,6.775383620384197,4.3907315741977895,1.4700270131902702,9.723673727075679e-05
936,6.775383620495349,4.390731574219217,1.4700270132136253,9.723673727245861e-05
937,6.775383620604475,4.390731574240262,1.4700270132365503,9.723673727413079e-05
938,6.7753836207116125,4.390731574260926,1.4700270132590572,9.723673727577296e-05
939,6.7753836208167995,4.3907315742812,1.4700270132811606,9.723673727738304e-05
940,6.775383620920068,4.390731574301109,1.4700270133028606,9.723673727896489e-05
941,6.775383621021461,4.390731574320657,1.4700270133241704,9.723673728051975e-05
942,6.775383621120999,4.390731574339856,1.4700270133450766,9.723673728204449e-05
943,6.77538362121873,4.3907315743587025,1.4700270133656124,9.723673728354288e-05
944,6.7753836213146945,4.3907315743772015,1.4700270133857751,9.723673728501184e-05
945,6.775383621408908,4.390731574395374,1.4700270134055675,9.72367372864564e-05
946,6.775383621501393,4.390731574413206,1.4700270134249953,9.72367372878719e-05
947,6.775383621592203,4.390731574430722,1.470027013444073,9.723673728926476e-05
948,6.775383621681354,4.39073157444791,1.4700270134628022,9.723673729062946e-05
949,6.775383621768864,4.390731574464785,1.4700270134811897,9.723673729197097e-05
950,6.775383621854785,4.39073157448135,1.4700270134992437,9.723673729328704e-05
951,6.7753836219391355,4.390731574497617,1.470027013516967,9.723673729458047e-05
952,6.775383622021973,4.39073157451359,1.4700270135343712,9.723673729584965e-05
953,6.775383622103301,4.39073157452927,1.4700270135514584,9.723673729709506e-05
954,6.775383622183139,4.390731574544664,1.4700270135682283,9.72367372983168e-05
955,6.775383622261523,4.390731574559779,1.4700270135846993,9.723673729951875e-05
956,6.775383622338496,4.39073157457462,1.4700270136008682,9.72367373006965e-05
957,6.775383622414061,4.390731574589189,1.47002701361675,9.723673730185553e-05
958,6.77538362248825,4.390731574603496,1.4700270136323343,9.723673730299184e-05
959,6.775383622561087,4.390731574617537,1.4700270136476383,9.723673730410688e-05
960,6.775383622632587,4.390731574631321,1.4700270136626652,9.723673730520267e-05
961,6.775383622702793,4.390731574644865,1.4700270136774112,9.723673730627906e-05
962,6.775383622771703,4.390731574658151,1.4700270136918925,9.723673730733543e-05
963,6.77538362283937,4.390731574671204,1.470027013706101,9.723673730837125e-05
964,6.775383622905817,4.390731574684008,1.4700270137200715,9.723673730938938e-05
965,6.77538362297105,4.390731574696593,1.4700270137337745,9.72367373103905e-05
966,6.7753836230350855,4.3907315747089335,1.4700270137472313,9.72367373113701e-05
967,6.7753836230979445,4.390731574721053,1.470027013760444,9.723673731233443e-05
968,6.775383623159665,4.390731574732955,1.4700270137734102,9.723673731328003e-05
969,6.775383623220262,4.390731574744641,1.4700270137861433,9.723673731420928e-05
970,6.775383623279759,4.3907315747561055,1.4700270137986458,9.7236737315119e-05
971,6.775383623338174,4.390731574767369,1.4700270138109182,9.72367373160139e-05
972,6.775383623395527,4.390731574778433,1.4700270138229614,9.723673731689188e-05
973,6.775383623451834,4.3907315747892905,1.470027013834797,9.723673731775643e-05
974,6.775383623507122,4.39073157479995,1.4700270138464095,9.723673731860182e-05
975,6.775383623561378,4.390731574810413,1.4700270138578118,9.723673731943451e-05
976,6.775383623614659,4.390731574820688,1.4700270138690053,9.72367373202508e-05
977,6.775383623666975,4.390731574830781,1.4700270138799914,9.723673732105252e-05
978,6.775383623718337,4.390731574840683,1.4700270138907803,9.723673732183823e-05
979,6.77538362376876,4.390731574850405,1.4700270139013754,9.723673732261095e-05
980,6.775383623818273,4.390731574859953,1.47002701391178,9.723673732337023e-05
981,6.775383623866885,4.390731574869325,1.4700270139219926,9.723673732411427e-05
982,6.775383623914604,4.3907315748785205,1.4700270139320268,9.723673732484596e-05
983,6.775383623961457,4.390731574887558,1.4700270139418699,9.72367373255644e-05
984,6.775383624007451,4.39073157489642,1.4700270139515355,9.723673732626777e-05
985,6.7753836240526075,4.390731574905136,1.470027013961017,9.723673732696049e-05
986,6.77538362409694,4.390731574913682,1.4700270139703335,9.723673732763969e-05
987,6.775383624140469,4.390731574922078,1.4700270139794798,9.723673732830762e-05
988,6.775383624183205,4.390731574930316,1.470027013988454,9.723673732896038e-05
989,6.775383624225169,4.390731574938412,1.4700270139972706,9.723673732960465e-05
990,6.775383624266374,4.390731574946357,1.470027014005928,9.723673733023578e-05
991,6.775383624306819,4.3907315749541524,1.4700270140144263,9.723673733085467e-05
992,6.775383624346523,4.390731574961808,1.4700270140227694,9.723673733146328e-05
993,6.775383624385498,4.390731574969326,1.4700270140309575,9.723673733206121e-05
994,6.775383624423776,4.390731574976703,1.470027014039002,9.723673733264698e-05
995,6.775383624461352,4.390731574983952,1.4700270140468963,9.723673733322363e-05
996,6.775383624498245,4.390731574991068,1.4700270140546403,9.72367373337874e-05
997,6.775383624534464,4.390731574998043,1.4700270140622596,9.723673733434224e-05
998,6.775383624570034,4.390731575004905,1.4700270140697314,9.723673733488797e-05
999,6.775383624604952,4.39073157501164,1.4700270140770708,9.723673733542434e-05
