,Time,Freq,Angle1,Angle2,Phase
0,2.28,1.1883,-0.267,0.963,-1.23
1,3.12,1.1905,-0.27,0.963,-1.233
2,3.96,1.1921,-0.265,0.963,-1.228
3,4.8,1.1931,-0.262,0.964,-1.226
4,5.64,1.1937,-0.258,0.963,-1.221
5,6.48,1.194,-0.256,0.963,-1.2189999999999999
6,7.32,1.194,-0.259,0.963,-1.222
7,8.14,1.1939,-0.265,0.961,-1.226
8,8.98,1.1936,-0.269,0.961,-1.23
9,9.82,1.1932,-0.265,0.961,-1.226
10,10.66,1.1929,-0.262,0.964,-1.226
11,11.5,1.1926,-0.261,0.964,-1.225
12,12.34,1.1923,-0.253,0.963,-1.216
13,13.18,1.1921,-0.259,0.963,-1.222
14,14.02,1.1921,-0.261,0.963,-1.224
15,14.86,1.1921,-0.261,0.963,-1.224
16,15.7,1.1922,-0.259,0.963,-1.222
17,16.54,1.1924,-0.259,0.963,-1.222
18,17.38,1.1916,-0.258,0.963,-1.221
19,18.22,1.1932,-0.256,0.963,-1.2189999999999999
20,19.04,1.1947,-0.267,0.963,-1.23
21,19.88,1.1961,-0.269,0.963,-1.232
22,20.72,1.1946,-0.265,0.963,-1.228
23,21.56,1.1939,-0.27,0.961,-1.2309999999999999
24,22.4,1.193,-0.27,0.961,-1.2309999999999999
25,23.24,1.1907,-0.269,0.961,-1.23
26,24.08,1.1906,-0.264,0.963,-1.2269999999999999
27,24.92,1.19,-0.267,0.963,-1.23
28,25.76,1.188,-0.265,0.963,-1.228
29,26.6,1.1881,-0.267,0.963,-1.23
30,27.44,1.1878,-0.267,0.963,-1.23
31,28.28,1.1862,-0.27,0.961,-1.2309999999999999
32,29.14,1.1869,-0.262,0.963,-1.225
33,29.98,1.1863,-0.264,0.963,-1.2269999999999999
34,30.82,1.1881,-0.265,0.963,-1.228
35,31.66,1.1856,-0.265,0.963,-1.228
36,32.5,1.185,-0.267,0.963,-1.23
37,33.34,1.1848,-0.267,0.963,-1.23
38,34.18,1.1858,-0.269,0.963,-1.232
39,35.04,1.1846,-0.258,0.961,-1.2189999999999999
40,35.88,1.1836,-0.262,0.963,-1.225
41,36.72,1.1839,-0.267,0.963,-1.23
42,37.58,1.1818,-0.261,0.961,-1.222
43,38.42,1.1812,-0.265,0.963,-1.228
44,39.26,1.1784,-0.27,0.961,-1.2309999999999999
45,40.12,1.176,-0.261,0.963,-1.224
46,40.96,1.1749,-0.27,0.963,-1.233
47,41.82,1.1742,-0.261,0.963,-1.224
48,42.66,1.1732,-0.272,0.963,-1.2349999999999999
49,43.52,1.1728,-0.269,0.963,-1.232
50,44.38,1.1727,-0.267,0.963,-1.23
51,45.24,1.1726,-0.262,0.963,-1.225
52,46.08,1.1724,-0.27,0.963,-1.233
53,46.94,1.1716,-0.267,0.963,-1.23
54,47.8,1.173,-0.262,0.963,-1.225
55,48.64,1.1728,-0.267,0.963,-1.23
56,49.5,1.171,-0.262,0.963,-1.225
57,50.34,1.1731,-0.27,0.963,-1.233
58,51.2,1.1731,-0.265,0.963,-1.228
59,52.06,1.1707,-0.261,0.961,-1.222
60,52.9,1.1718,-0.272,0.961,-1.233
61,53.76,1.17,-0.272,0.963,-1.2349999999999999
62,54.62,1.1693,-0.272,0.963,-1.2349999999999999
63,55.48,1.1649,-0.27,0.963,-1.233
64,56.34,1.1638,-0.27,0.963,-1.233
65,57.2,1.1615,-0.269,0.963,-1.232
66,58.06,1.1618,-0.272,0.963,-1.2349999999999999
67,58.92,1.1585,-0.273,0.963,-1.236
68,59.78,1.1586,-0.273,0.961,-1.234
69,60.64,1.1579,-0.276,0.961,-1.237
70,61.52,1.1571,-0.264,0.961,-1.225
71,62.38,1.1564,-0.27,0.963,-1.233
72,63.24,1.1545,-0.276,0.961,-1.237
73,64.12,1.1545,-0.265,0.961,-1.226
74,64.98,1.1563,-0.269,0.963,-1.232
75,65.84,1.1538,-0.272,0.963,-1.2349999999999999
76,66.7,1.1528,-0.275,0.961,-1.236
77,67.58,1.1522,-0.267,0.963,-1.23
78,68.44,1.1518,-0.278,0.961,-1.2389999999999999
79,69.32,1.1514,-0.269,0.963,-1.232
80,70.18,1.1509,-0.275,0.963,-1.238
81,71.06,1.1501,-0.269,0.963,-1.232
82,71.92,1.1491,-0.275,0.963,-1.238
83,72.8,1.1476,-0.269,0.963,-1.232
84,73.66,1.1455,-0.276,0.961,-1.237
85,74.54,1.1453,-0.275,0.963,-1.238
86,75.42,1.1438,-0.272,0.963,-1.2349999999999999
87,76.3,1.1408,-0.267,0.961,-1.228
88,77.16,1.1421,-0.276,0.961,-1.237
89,78.04,1.1417,-0.273,0.963,-1.236
90,78.92,1.1396,-0.272,0.963,-1.2349999999999999
91,79.8,1.1387,-0.273,0.963,-1.236
92,80.68,1.1391,-0.27,0.961,-1.2309999999999999
93,81.56,1.1364,-0.269,0.961,-1.23
94,82.44,1.1373,-0.269,0.961,-1.23
95,83.32,1.135,-0.27,0.961,-1.2309999999999999
96,84.2,1.1351,-0.272,0.961,-1.233
97,85.08,1.1348,-0.275,0.963,-1.238
98,85.96,1.1342,-0.28,0.963,-1.2429999999999999
99,86.84,1.132,-0.281,0.961,-1.242
100,87.72,1.1323,-0.283,0.961,-1.244
101,88.62,1.131,-0.27,0.961,-1.2309999999999999
102,89.5,1.1306,-0.278,0.963,-1.241
103,90.38,1.1283,-0.284,0.961,-1.2449999999999999
104,91.28,1.1272,-0.27,0.961,-1.2309999999999999
105,92.16,1.1261,-0.276,0.963,-1.2389999999999999
106,93.04,1.1252,-0.286,0.961,-1.2469999999999999
107,93.94,1.1242,-0.278,0.963,-1.241
108,94.82,1.1233,-0.284,0.96,-1.244
109,95.72,1.1223,-0.281,0.961,-1.242
110,96.62,1.1213,-0.275,0.961,-1.236
111,97.5,1.1203,-0.284,0.961,-1.2449999999999999
112,98.4,1.1183,-0.281,0.961,-1.242
113,99.3,1.118,-0.275,0.961,-1.236
114,100.18,1.117,-0.287,0.96,-1.2469999999999999
115,101.08,1.1143,-0.281,0.963,-1.244
116,101.98,1.1144,-0.276,0.963,-1.2389999999999999
117,102.88,1.1147,-0.273,0.961,-1.234
118,103.78,1.1127,-0.275,0.961,-1.236
119,104.68,1.1139,-0.275,0.961,-1.236
120,105.58,1.112,-0.272,0.961,-1.233
121,106.48,1.1098,-0.273,0.961,-1.234
122,107.38,1.1104,-0.275,0.961,-1.236
123,108.28,1.1073,-0.28,0.961,-1.241
124,109.18,1.107,-0.284,0.963,-1.2469999999999999
125,110.08,1.1055,-0.287,0.961,-1.248
126,111.0,1.1028,-0.276,0.961,-1.237
127,111.9,1.1019,-0.281,0.961,-1.242
128,112.8,1.1017,-0.287,0.961,-1.248
129,113.72,1.0997,-0.283,0.963,-1.246
130,114.64,1.0988,-0.276,0.961,-1.237
131,115.54,1.098,-0.289,0.961,-1.25
132,116.46,1.0973,-0.281,0.961,-1.242
133,117.36,1.0958,-0.291,0.961,-1.252
134,118.28,1.0963,-0.284,0.963,-1.2469999999999999
135,119.2,1.0963,-0.276,0.961,-1.237
136,120.1,1.0951,-0.287,0.961,-1.248
137,121.02,1.0953,-0.281,0.963,-1.244
138,121.92,1.0948,-0.292,0.961,-1.253
139,122.84,1.0925,-0.287,0.961,-1.248
140,123.76,1.0912,-0.284,0.963,-1.2469999999999999
141,124.68,1.0901,-0.286,0.961,-1.2469999999999999
142,125.6,1.089,-0.291,0.961,-1.252
143,126.52,1.0856,-0.289,0.963,-1.252
144,127.44,1.0842,-0.289,0.961,-1.25
145,128.36,1.0847,-0.294,0.961,-1.255
146,129.28,1.082,-0.292,0.961,-1.253
147,130.22,1.0814,-0.283,0.961,-1.244
148,131.14,1.0804,-0.291,0.963,-1.254
149,132.06,1.0791,-0.295,0.961,-1.256
150,133.0,1.079,-0.283,0.961,-1.244
151,133.92,1.0776,-0.291,0.961,-1.252
152,134.84,1.0778,-0.298,0.96,-1.258
153,135.78,1.0762,-0.289,0.963,-1.252
154,136.7,1.0757,-0.298,0.96,-1.258
155,137.64,1.0751,-0.289,0.963,-1.252
156,138.56,1.0746,-0.297,0.961,-1.258
157,139.5,1.0739,-0.291,0.963,-1.254
158,140.44,1.0731,-0.283,0.961,-1.244
159,141.36,1.0712,-0.295,0.961,-1.256
160,142.3,1.0708,-0.289,0.963,-1.252
161,143.24,1.0696,-0.281,0.961,-1.242
162,144.16,1.0689,-0.295,0.961,-1.256
163,145.1,1.0686,-0.292,0.963,-1.255
164,146.04,1.0673,-0.291,0.963,-1.254
165,146.98,1.0665,-0.287,0.961,-1.248
166,147.92,1.066,-0.286,0.961,-1.2469999999999999
167,148.86,1.0636,-0.284,0.961,-1.2449999999999999
168,149.8,1.0632,-0.287,0.961,-1.248
169,150.74,1.0626,-0.291,0.961,-1.252
170,151.68,1.0618,-0.292,0.961,-1.253
171,152.62,1.0606,-0.295,0.961,-1.256
172,153.56,1.0591,-0.298,0.961,-1.259
173,154.52,1.0588,-0.286,0.961,-1.2469999999999999
174,155.46,1.057,-0.291,0.961,-1.252
175,156.4,1.0567,-0.298,0.961,-1.259
176,157.36,1.0569,-0.286,0.961,-1.2469999999999999
177,158.3,1.0552,-0.294,0.961,-1.255
178,159.24,1.0545,-0.305,0.961,-1.266
179,160.2,1.0537,-0.297,0.963,-1.26
180,161.14,1.0528,-0.305,0.961,-1.266
181,162.1,1.0519,-0.297,0.963,-1.26
182,163.06,1.051,-0.286,0.961,-1.2469999999999999
183,164.0,1.0492,-0.297,0.963,-1.26
184,164.96,1.049,-0.291,0.961,-1.252
185,165.9,1.0474,-0.306,0.961,-1.267
186,166.86,1.0471,-0.303,0.961,-1.264
187,167.82,1.0448,-0.3,0.963,-1.263
188,168.78,1.0457,-0.298,0.963,-1.261
189,169.74,1.0447,-0.295,0.963,-1.258
190,170.7,1.042,-0.292,0.961,-1.253
191,171.66,1.0416,-0.292,0.963,-1.255
192,172.62,1.0413,-0.292,0.963,-1.255
193,173.58,1.0388,-0.295,0.963,-1.258
194,174.54,1.0382,-0.298,0.963,-1.261
195,175.5,1.0364,-0.303,0.961,-1.264
196,176.46,1.036,-0.306,0.961,-1.267
197,177.44,1.0363,-0.292,0.961,-1.253
198,178.4,1.035,-0.302,0.963,-1.265
199,179.38,1.0341,-0.291,0.961,-1.252
200,180.34,1.033,-0.302,0.963,-1.265
201,181.32,1.0324,-0.291,0.961,-1.252
202,182.28,1.0306,-0.298,0.963,-1.261
203,183.24,1.0303,-0.308,0.961,-1.269
204,184.22,1.0286,-0.303,0.963,-1.266
205,185.2,1.0274,-0.297,0.961,-1.258
206,186.16,1.0264,-0.309,0.961,-1.27
207,187.14,1.0263,-0.305,0.963,-1.268
208,188.12,1.0243,-0.303,0.963,-1.266
209,189.1,1.0223,-0.302,0.963,-1.265
210,190.08,1.0202,-0.303,0.963,-1.266
211,191.06,1.0184,-0.306,0.963,-1.269
212,192.04,1.0164,-0.311,0.961,-1.272
213,193.04,1.0135,-0.298,0.961,-1.259
214,194.02,1.0124,-0.305,0.963,-1.268
215,195.0,1.0104,-0.313,0.961,-1.274
216,196.0,1.0102,-0.303,0.961,-1.264
217,196.98,1.009,-0.314,0.961,-1.275
218,197.98,1.0064,-0.313,0.961,-1.274
219,198.98,1.0068,-0.306,0.963,-1.269
220,199.98,1.0073,-0.297,0.961,-1.258
221,200.96,1.006,-0.314,0.961,-1.275
222,201.96,1.0053,-0.308,0.963,-1.271
223,202.96,1.0039,-0.302,0.963,-1.265
224,203.96,1.004,-0.297,0.961,-1.258
225,204.94,1.0028,-0.316,0.961,-1.277
226,205.94,1.0027,-0.314,0.961,-1.275
227,206.94,1.0018,-0.313,0.961,-1.274
228,207.94,1.0011,-0.313,0.961,-1.274
229,208.94,1.0007,-0.317,0.961,-1.278
230,209.94,0.9984,-0.317,0.961,-1.278
231,210.94,0.9987,-0.319,0.961,-1.28
232,211.96,0.9961,-0.302,0.961,-1.263
233,212.96,0.9959,-0.305,0.963,-1.268
234,213.96,0.9947,-0.308,0.963,-1.271
235,214.96,0.9945,-0.313,0.963,-1.276
236,215.96,0.994,-0.32,0.961,-1.281
237,216.98,0.9931,-0.309,0.963,-1.272
238,217.98,0.9929,-0.32,0.961,-1.281
239,219.0,0.9942,-0.306,0.963,-1.269
240,220.0,0.9923,-0.313,0.963,-1.276
241,221.0,0.9916,-0.319,0.961,-1.28
242,222.02,0.9912,-0.303,0.963,-1.266
243,223.02,0.9908,-0.314,0.961,-1.275
244,224.04,0.9904,-0.305,0.963,-1.268
245,225.04,0.9898,-0.317,0.961,-1.278
246,226.06,0.9881,-0.308,0.963,-1.271
247,227.06,0.9894,-0.322,0.961,-1.283
248,228.08,0.9895,-0.313,0.963,-1.276
249,229.1,0.9883,-0.305,0.963,-1.268
250,230.1,0.988,-0.319,0.961,-1.28
251,231.12,0.9859,-0.311,0.963,-1.274
252,232.14,0.9864,-0.303,0.961,-1.264
253,233.14,0.9842,-0.32,0.961,-1.281
254,234.16,0.9846,-0.317,0.961,-1.278
255,235.18,0.9826,-0.314,0.963,-1.277
256,236.2,0.9812,-0.309,0.963,-1.272
257,237.22,0.9798,-0.308,0.963,-1.271
258,238.24,0.9776,-0.311,0.963,-1.274
259,239.26,0.977,-0.32,0.961,-1.281
260,240.3,0.9753,-0.305,0.961,-1.266
261,241.32,0.975,-0.316,0.963,-1.279
262,242.34,0.9733,-0.324,0.961,-1.285
263,243.38,0.9728,-0.311,0.963,-1.274
264,244.4,0.9728,-0.32,0.963,-1.283
265,245.44,0.9713,-0.306,0.961,-1.267
266,246.46,0.9709,-0.317,0.963,-1.28
267,247.5,0.9708,-0.303,0.961,-1.264
268,248.52,0.9683,-0.316,0.963,-1.279
269,249.56,0.9682,-0.305,0.961,-1.266
270,250.58,0.967,-0.324,0.963,-1.287
271,251.62,0.9669,-0.316,0.961,-1.277
272,252.66,0.9656,-0.313,0.963,-1.276
273,253.7,0.9644,-0.308,0.963,-1.271
274,254.74,0.963,-0.306,0.961,-1.267
275,255.78,0.9632,-0.306,0.961,-1.267
276,256.82,0.9623,-0.305,0.961,-1.266
277,257.86,0.9608,-0.308,0.963,-1.271
278,258.9,0.9605,-0.313,0.961,-1.274
279,259.94,0.9588,-0.314,0.963,-1.277
280,260.98,0.9582,-0.319,0.963,-1.282
281,262.02,0.9563,-0.325,0.961,-1.286
282,263.08,0.9549,-0.309,0.961,-1.27
283,264.12,0.9534,-0.324,0.961,-1.285
284,265.18,0.952,-0.313,0.963,-1.276
285,266.22,0.9503,-0.33,0.961,-1.291
286,267.28,0.9476,-0.325,0.961,-1.286
287,268.34,0.9467,-0.322,0.963,-1.285
288,269.4,0.946,-0.317,0.961,-1.278
289,270.46,0.9452,-0.314,0.961,-1.275
290,271.52,0.9443,-0.313,0.961,-1.274
291,272.58,0.9434,-0.313,0.963,-1.276
292,273.64,0.9423,-0.316,0.961,-1.277
293,274.7,0.9411,-0.319,0.961,-1.28
294,275.76,0.9389,-0.32,0.961,-1.281
295,276.82,0.9377,-0.327,0.961,-1.288
296,277.9,0.9358,-0.309,0.961,-1.27
297,278.96,0.9341,-0.322,0.961,-1.283
298,280.04,0.9324,-0.309,0.961,-1.27
299,281.1,0.9308,-0.331,0.961,-1.292
300,282.2,0.9283,-0.327,0.961,-1.288
301,283.28,0.9275,-0.331,0.961,-1.292
302,284.36,0.9257,-0.328,0.961,-1.289
303,285.44,0.9245,-0.328,0.961,-1.289
304,286.52,0.9243,-0.325,0.961,-1.286
305,287.6,0.923,-0.327,0.961,-1.288
306,288.68,0.9222,-0.331,0.961,-1.292
307,289.76,0.9216,-0.335,0.961,-1.296
308,290.86,0.9211,-0.313,0.961,-1.274
309,291.94,0.9198,-0.322,0.961,-1.283
310,293.02,0.9194,-0.335,0.961,-1.296
311,294.12,0.9197,-0.322,0.961,-1.283
312,295.2,0.9178,-0.336,0.961,-1.297
313,296.3,0.9172,-0.322,0.963,-1.285
314,297.4,0.9151,-0.313,0.961,-1.274
315,298.48,0.9158,-0.335,0.961,-1.296
316,299.58,0.9145,-0.327,0.963,-1.29
317,300.68,0.9134,-0.317,0.963,-1.28
318,301.76,0.913,-0.338,0.961,-1.299
319,302.86,0.9112,-0.333,0.961,-1.294
320,303.96,0.9095,-0.335,0.961,-1.296
321,305.06,0.9077,-0.335,0.961,-1.296
322,306.16,0.9057,-0.339,0.961,-1.3
323,307.28,0.9043,-0.317,0.963,-1.28
324,308.38,0.9034,-0.325,0.963,-1.288
325,309.48,0.9012,-0.338,0.961,-1.299
326,310.6,0.9012,-0.325,0.963,-1.288
327,311.72,0.899,-0.316,0.963,-1.279
328,312.84,0.8989,-0.306,0.961,-1.267
329,313.94,0.8981,-0.328,0.961,-1.289
330,315.06,0.8964,-0.317,0.963,-1.28
331,316.18,0.8959,-0.309,0.961,-1.27
332,317.28,0.8959,-0.336,0.961,-1.297
333,318.4,0.8944,-0.33,0.961,-1.291
334,319.52,0.8934,-0.331,0.961,-1.292
335,320.64,0.8917,-0.333,0.961,-1.294
336,321.76,0.8908,-0.338,0.961,-1.299
337,322.9,0.8887,-0.314,0.961,-1.275
338,324.02,0.8886,-0.325,0.961,-1.286
339,325.16,0.8864,-0.308,0.963,-1.271
340,326.28,0.884,-0.324,0.963,-1.287
341,327.42,0.8826,-0.308,0.961,-1.269
342,328.54,0.8815,-0.328,0.961,-1.289
343,329.68,0.8809,-0.32,0.963,-1.283
344,330.82,0.8791,-0.319,0.963,-1.282
345,331.96,0.8781,-0.317,0.963,-1.28
346,333.1,0.8774,-0.32,0.963,-1.283
347,334.24,0.8752,-0.325,0.961,-1.286
348,335.38,0.873,-0.333,0.961,-1.294
349,336.54,0.872,-0.317,0.963,-1.28
350,337.68,0.8698,-0.331,0.961,-1.292
351,338.84,0.8679,-0.309,0.963,-1.272
352,339.98,0.8673,-0.328,0.961,-1.289
353,341.14,0.8665,-0.317,0.963,-1.28
354,342.3,0.8656,-0.308,0.963,-1.271
355,343.46,0.8634,-0.303,0.963,-1.266
356,344.62,0.8634,-0.305,0.963,-1.268
357,345.78,0.862,-0.306,0.961,-1.267
358,346.94,0.8611,-0.306,0.961,-1.267
359,348.1,0.8596,-0.314,0.961,-1.275
360,349.26,0.859,-0.32,0.961,-1.281
361,350.42,0.8574,-0.328,0.961,-1.289
362,351.6,0.856,-0.306,0.963,-1.269
363,352.76,0.8543,-0.327,0.961,-1.288
364,353.94,0.8537,-0.319,0.963,-1.282
365,355.12,0.852,-0.309,0.961,-1.27
366,356.3,0.8512,-0.302,0.961,-1.263
367,357.46,0.8491,-0.33,0.961,-1.291
368,358.64,0.8475,-0.328,0.961,-1.289
369,359.84,0.8454,-0.297,0.961,-1.258
370,361.02,0.8445,-0.309,0.961,-1.27
371,362.2,0.8428,-0.319,0.961,-1.28
372,363.38,0.8416,-0.33,0.961,-1.291
373,364.58,0.8406,-0.308,0.963,-1.271
374,365.76,0.8402,-0.327,0.961,-1.288
375,366.96,0.8379,-0.314,0.961,-1.275
376,368.16,0.8364,-0.302,0.961,-1.263
377,369.36,0.8358,-0.294,0.961,-1.255
378,370.56,0.8334,-0.294,0.963,-1.257
379,371.76,0.8323,-0.295,0.961,-1.256
380,372.96,0.8315,-0.297,0.963,-1.26
381,374.16,0.8315,-0.305,0.963,-1.268
382,375.36,0.8291,-0.316,0.961,-1.277
383,376.58,0.8271,-0.292,0.961,-1.253
384,377.78,0.8263,-0.311,0.961,-1.272
385,379.0,0.8244,-0.297,0.963,-1.26
386,380.22,0.8233,-0.289,0.961,-1.25
387,381.44,0.8214,-0.284,0.961,-1.2449999999999999
388,382.64,0.8197,-0.32,0.961,-1.281
389,383.88,0.8173,-0.286,0.961,-1.2469999999999999
390,385.1,0.8157,-0.298,0.963,-1.261
391,386.32,0.8143,-0.317,0.961,-1.278
392,387.56,0.813,-0.302,0.963,-1.265
393,388.8,0.8118,-0.287,0.961,-1.248
394,390.04,0.8105,-0.273,0.961,-1.234
395,391.26,0.8086,-0.306,0.961,-1.267
396,392.5,0.8075,-0.3,0.961,-1.261
397,393.74,0.8058,-0.298,0.963,-1.261
398,394.98,0.8042,-0.305,0.961,-1.266
399,396.24,0.8021,-0.276,0.961,-1.237
400,397.48,0.8013,-0.291,0.961,-1.252
401,398.72,0.7998,-0.306,0.961,-1.267
402,399.98,0.7982,-0.292,0.961,-1.253
403,401.24,0.7964,-0.281,0.961,-1.242
404,402.5,0.796,-0.278,0.961,-1.2389999999999999
405,403.76,0.7947,-0.28,0.961,-1.241
406,405.02,0.7924,-0.286,0.961,-1.2469999999999999
407,406.28,0.7912,-0.292,0.961,-1.253
408,407.54,0.791,-0.295,0.961,-1.256
409,408.82,0.7902,-0.259,0.961,-1.22
410,410.08,0.7886,-0.27,0.961,-1.2309999999999999
411,411.34,0.787,-0.291,0.961,-1.252
412,412.62,0.7863,-0.27,0.961,-1.2309999999999999
413,413.9,0.785,-0.254,0.961,-1.2149999999999999
414,415.16,0.784,-0.291,0.961,-1.252
415,416.44,0.783,-0.286,0.961,-1.2469999999999999
416,417.74,0.7806,-0.243,0.961,-1.204
417,419.02,0.779,-0.25,0.961,-1.2109999999999999
418,420.3,0.7775,-0.261,0.963,-1.224
419,421.58,0.7762,-0.275,0.961,-1.236
420,422.88,0.7744,-0.254,0.963,-1.217
421,424.18,0.7734,-0.24,0.961,-1.201
422,425.46,0.7717,-0.276,0.961,-1.237
423,426.76,0.7704,-0.27,0.961,-1.2309999999999999
424,428.06,0.7693,-0.27,0.961,-1.2309999999999999
425,429.38,0.7677,-0.234,0.963,-1.197
426,430.68,0.7658,-0.247,0.963,-1.21
427,431.98,0.7641,-0.261,0.961,-1.222
428,433.3,0.7636,-0.237,0.961,-1.198
429,434.6,0.7612,-0.262,0.961,-1.2229999999999999
430,435.92,0.7595,-0.253,0.963,-1.216
431,437.24,0.7588,-0.243,0.963,-1.206
432,438.56,0.7581,-0.245,0.961,-1.206
433,439.88,0.7557,-0.25,0.961,-1.2109999999999999
434,441.22,0.754,-0.212,0.963,-1.175
435,442.54,0.7527,-0.228,0.963,-1.191
436,443.88,0.7512,-0.207,0.963,-1.17
437,445.2,0.7493,-0.239,0.961,-1.2
438,446.54,0.7472,-0.228,0.963,-1.191
439,447.88,0.7451,-0.225,0.961,-1.186
440,449.22,0.7442,-0.232,0.961,-1.193
441,450.58,0.7423,-0.198,0.963,-1.161
442,451.92,0.741,-0.218,0.961,-1.179
443,453.28,0.7403,-0.201,0.961,-1.162
444,454.64,0.738,-0.184,0.963,-1.147
445,456.0,0.7366,-0.174,0.963,-1.137
446,457.34,0.7353,-0.221,0.961,-1.182
447,458.72,0.7339,-0.178,0.963,-1.141
448,460.08,0.7324,-0.185,0.963,-1.148
449,461.44,0.7312,-0.199,0.963,-1.162
450,462.82,0.73,-0.174,0.963,-1.137
451,464.18,0.7273,-0.203,0.961,-1.164
452,465.56,0.7256,-0.187,0.963,-1.15
453,466.94,0.7267,-0.182,0.963,-1.145
454,468.32,0.7264,-0.187,0.963,-1.15
455,469.72,0.7248,-0.149,0.963,-1.1119999999999999
456,471.1,0.7227,-0.162,0.963,-1.125
457,472.48,0.7195,-0.185,0.961,-1.146
458,473.88,0.7168,-0.168,0.963,-1.131
459,475.28,0.714,-0.156,0.963,-1.119
460,476.68,0.7109,-0.151,0.963,-1.1139999999999999
461,478.08,0.7076,-0.154,0.963,-1.117
462,479.48,0.7055,-0.16,0.963,-1.123
463,480.9,0.7025,-0.126,0.963,-1.089
464,482.3,0.6998,-0.149,0.963,-1.1119999999999999
465,483.8,0.6982,-0.024,0.963,-0.987
466,485.3,0.6961,-0.05,0.963,-1.013
467,486.72,0.6945,-0.107,0.963,-1.07
468,488.14,0.6939,-0.121,0.963,-1.084
469,489.56,0.6929,-0.14,0.963,-1.103
470,491.0,0.6932,-0.115,0.963,-1.078
471,492.44,0.6928,-0.11,0.963,-1.073
472,493.88,0.6929,-0.116,0.963,-1.079
473,495.32,0.6929,-0.119,0.963,-1.0819999999999999
474,496.78,0.693,-0.085,0.963,-1.048
475,498.22,0.6927,-0.101,0.963,-1.064
476,499.66,0.6918,-0.121,0.963,-1.084
477,501.12,0.6894,-0.102,0.963,-1.065
478,502.58,0.6874,-0.093,0.963,-1.056
479,504.04,0.6827,-0.088,0.963,-1.051
480,505.5,0.6809,-0.096,0.963,-1.059
481,506.98,0.6805,-0.066,0.963,-1.029
482,508.44,0.6792,-0.09,0.963,-1.053
483,509.92,0.6771,-0.077,0.963,-1.04
484,511.4,0.6748,-0.077,0.963,-1.04
485,512.9,0.6731,-0.039,0.963,-1.002
486,514.38,0.6713,-0.061,0.963,-1.024
487,515.88,0.6694,-0.047,0.963,-1.01
488,517.38,0.667,-0.044,0.963,-1.007
489,518.88,0.6657,-0.049,0.963,-1.012
490,520.38,0.6637,-0.057,0.963,-1.02
491,521.9,0.6621,-0.025,0.963,-0.988
492,523.4,0.6607,-0.049,0.963,-1.012
493,524.92,0.6586,-0.031,0.963,-0.994
494,526.44,0.6573,-0.028,0.963,-0.991
495,527.98,0.6557,0.006,0.963,-0.957
496,529.5,0.6545,-0.009,0.963,-0.972
497,531.04,0.6521,0.008,0.964,-0.956
498,532.58,0.6503,0.019,0.963,-0.944
499,534.12,0.6483,0.017,0.963,-0.946
500,535.66,0.6466,0.006,0.963,-0.957
501,537.2,0.6445,-0.011,0.963,-0.974
502,538.76,0.643,0.006,0.963,-0.957
503,540.32,0.6415,0.008,0.963,-0.955
504,541.9,0.6399,0.044,0.963,-0.9189999999999999
505,543.46,0.6376,0.03,0.963,-0.9329999999999999
506,545.02,0.6365,0.008,0.963,-0.955
507,546.62,0.6335,0.058,0.963,-0.9049999999999999
508,548.2,0.6318,0.057,0.963,-0.9059999999999999
509,549.78,0.6303,0.049,0.963,-0.9139999999999999
510,551.36,0.6288,0.031,0.963,-0.9319999999999999
511,552.96,0.6268,0.047,0.963,-0.9159999999999999
512,554.56,0.6248,0.053,0.963,-0.9099999999999999
513,556.16,0.6235,0.046,0.963,-0.9169999999999999
514,557.78,0.6212,0.071,0.963,-0.892
515,559.4,0.6195,0.083,0.964,-0.881
516,561.02,0.6174,0.091,0.964,-0.873
517,562.64,0.6152,0.086,0.964,-0.878
518,564.26,0.613,0.075,0.963,-0.888
519,565.9,0.6116,0.096,0.963,-0.867
520,567.52,0.6093,0.064,0.963,-0.899
521,569.2,0.607,0.14,0.964,-0.824
522,570.86,0.6055,0.119,0.964,-0.845
523,572.5,0.6043,0.094,0.963,-0.869
524,574.16,0.6025,0.105,0.963,-0.858
525,575.82,0.6006,0.105,0.963,-0.858
526,577.5,0.5987,0.135,0.964,-0.829
527,579.16,0.597,0.107,0.963,-0.856
528,580.86,0.5951,0.145,0.964,-0.819
529,582.54,0.5935,0.138,0.964,-0.826
530,584.22,0.5917,0.119,0.963,-0.844
531,585.92,0.5899,0.134,0.963,-0.829
532,587.62,0.5878,0.145,0.964,-0.819
533,589.32,0.5857,0.137,0.963,-0.826
534,591.04,0.5838,0.143,0.964,-0.821
535,592.76,0.581,0.146,0.963,-0.817
536,594.5,0.5793,0.165,0.964,-0.7989999999999999
537,596.22,0.5776,0.151,0.963,-0.8119999999999999
538,597.96,0.5753,0.159,0.963,-0.8039999999999999
539,599.7,0.5731,0.159,0.963,-0.8039999999999999
540,601.46,0.5708,0.173,0.964,-0.7909999999999999
541,603.22,0.5691,0.181,0.964,-0.7829999999999999
542,604.98,0.5664,0.182,0.964,-0.782
543,606.74,0.5649,0.168,0.963,-0.7949999999999999
544,608.52,0.5629,0.178,0.964,-0.786
545,610.3,0.5608,0.176,0.963,-0.7869999999999999
546,612.1,0.5591,0.182,0.964,-0.782
547,613.9,0.5569,0.19,0.964,-0.774
548,615.7,0.555,0.195,0.964,-0.7689999999999999
549,617.5,0.5532,0.19,0.964,-0.774
550,619.32,0.5513,0.204,0.964,-0.76
551,621.14,0.5498,0.207,0.964,-0.757
552,622.96,0.5474,0.203,0.964,-0.7609999999999999
553,624.8,0.5452,0.217,0.964,-0.747
554,626.64,0.5429,0.218,0.964,-0.746
555,628.48,0.5408,0.204,0.964,-0.76
556,630.34,0.5388,0.214,0.964,-0.75
557,632.2,0.5368,0.212,0.964,-0.752
558,634.08,0.5344,0.226,0.964,-0.738
559,635.96,0.5318,0.226,0.964,-0.738
560,637.84,0.5289,0.217,0.964,-0.747
561,639.76,0.5264,0.24,0.964,-0.724
562,641.66,0.5244,0.226,0.964,-0.738
563,643.58,0.5218,0.234,0.964,-0.73
564,645.5,0.5194,0.236,0.964,-0.728
565,647.42,0.5172,0.223,0.964,-0.741
566,649.36,0.5153,0.223,0.964,-0.741
567,651.32,0.5127,0.237,0.964,-0.727
568,653.28,0.5106,0.239,0.964,-0.725
569,655.26,0.5085,0.25,0.964,-0.714
570,657.24,0.5059,0.251,0.964,-0.713
571,659.22,0.5034,0.248,0.964,-0.716
572,661.2,0.5011,0.234,0.964,-0.73
573,663.2,0.4985,0.234,0.964,-0.73
574,665.22,0.496,0.242,0.964,-0.722
575,667.26,0.4931,0.258,0.964,-0.706
576,669.28,0.491,0.245,0.964,-0.719
577,671.34,0.4884,0.251,0.964,-0.713
578,673.4,0.4861,0.242,0.964,-0.722
579,675.48,0.4833,0.254,0.964,-0.71
580,677.54,0.4807,0.247,0.964,-0.717
581,679.64,0.4788,0.264,0.964,-0.7
582,681.74,0.4768,0.262,0.964,-0.702
583,683.84,0.4746,0.253,0.964,-0.711
584,685.96,0.4726,0.259,0.964,-0.705
585,688.1,0.4702,0.267,0.964,-0.697
586,690.22,0.468,0.25,0.964,-0.714
587,692.38,0.4652,0.264,0.964,-0.7
588,694.54,0.462,0.264,0.964,-0.7
589,696.72,0.4588,0.27,0.964,-0.694
590,698.9,0.4553,0.265,0.964,-0.699
591,701.1,0.4515,0.272,0.964,-0.692
592,703.32,0.4479,0.267,0.964,-0.697
593,705.6,0.4443,0.259,0.964,-0.705
594,707.9,0.4407,0.251,0.964,-0.713
595,710.18,0.4367,0.264,0.964,-0.7
596,712.48,0.4337,0.275,0.964,-0.689
597,714.8,0.4307,0.258,0.964,-0.706
598,717.14,0.4274,0.264,0.964,-0.7
599,719.52,0.4237,0.267,0.964,-0.697
600,721.88,0.4211,0.264,0.964,-0.7
601,724.26,0.4184,0.269,0.964,-0.695
602,726.66,0.4159,0.259,0.964,-0.705
603,729.06,0.4136,0.264,0.964,-0.7
604,731.52,0.4112,0.261,0.964,-0.703
605,733.96,0.4086,0.262,0.964,-0.702
606,736.44,0.4055,0.267,0.964,-0.697
607,738.92,0.4018,0.27,0.964,-0.694
608,741.44,0.3982,0.265,0.964,-0.699
609,744.0,0.3947,0.261,0.964,-0.703
610,746.54,0.391,0.264,0.964,-0.7
611,749.08,0.3874,0.256,0.964,-0.708
612,751.64,0.3833,0.261,0.964,-0.703
613,754.32,0.3794,0.259,0.964,-0.705
614,757.0,0.376,0.261,0.964,-0.703
615,759.68,0.3725,0.269,0.964,-0.695
616,762.42,0.3692,0.261,0.964,-0.703
617,765.16,0.366,0.259,0.964,-0.705
618,767.94,0.3627,0.262,0.964,-0.702
619,770.7,0.3601,0.261,0.964,-0.703
620,773.48,0.3572,0.254,0.964,-0.71
621,776.28,0.3547,0.254,0.964,-0.71
622,779.12,0.3518,0.256,0.964,-0.708
623,782.0,0.3489,0.254,0.964,-0.71
624,784.9,0.3462,0.258,0.964,-0.706
625,787.78,0.3432,0.253,0.964,-0.711
626,790.74,0.3394,0.259,0.964,-0.705
627,793.72,0.335,0.254,0.964,-0.71
628,796.74,0.3309,0.254,0.964,-0.71
629,799.8,0.3271,0.258,0.964,-0.706
630,802.88,0.3233,0.261,0.964,-0.703
631,806.02,0.3197,0.256,0.964,-0.708
632,809.22,0.3155,0.254,0.964,-0.71
633,812.44,0.3117,0.256,0.964,-0.708
634,815.7,0.3079,0.258,0.964,-0.706
635,818.96,0.304,0.251,0.964,-0.713
636,822.28,0.3002,0.258,0.964,-0.706
637,825.64,0.2967,0.256,0.964,-0.708
638,829.04,0.2935,0.254,0.964,-0.71
639,832.46,0.2905,0.253,0.964,-0.711
640,835.94,0.287,0.254,0.964,-0.71
641,839.46,0.2838,0.254,0.964,-0.71
642,843.12,0.2807,0.253,0.964,-0.711
643,846.78,0.2775,0.253,0.964,-0.711
644,850.38,0.2743,0.254,0.964,-0.71
645,854.0,0.2709,0.253,0.964,-0.711
646,857.74,0.2674,0.254,0.964,-0.71
647,861.54,0.264,0.254,0.964,-0.71
648,865.36,0.2603,0.251,0.964,-0.713
649,869.26,0.2565,0.251,0.964,-0.713
650,873.24,0.2525,0.251,0.964,-0.713
651,877.28,0.2482,0.256,0.966,-0.71
652,881.36,0.2438,0.25,0.964,-0.714
653,885.54,0.2392,0.248,0.964,-0.716
654,889.82,0.2341,0.247,0.964,-0.717
655,894.2,0.2291,0.248,0.964,-0.716
656,898.66,0.2237,0.248,0.964,-0.716
657,903.24,0.2188,0.247,0.964,-0.717
658,907.92,0.214,0.248,0.964,-0.716
659,912.72,0.2155,0.247,0.964,-0.717
660,917.62,0.2482,0.245,0.964,-0.719
661,922.66,0.2368,0.243,0.964,-0.721
662,927.86,0.1976,0.243,0.964,-0.721
663,933.28,0.1708,0.242,0.964,-0.722
664,938.82,0.1429,0.242,0.964,-0.722
665,944.58,0.1169,0.242,0.964,-0.722
666,950.56,0.0965,0.242,0.964,-0.722
667,956.86,0.0858,0.239,0.964,-0.725
668,963.48,0.0898,0.24,0.964,-0.724
669,970.38,0.1141,0.239,0.964,-0.725
670,977.68,0.165,0.239,0.964,-0.725
671,985.62,0.2492,0.237,0.964,-0.727
672,994.2,0.3743,0.237,0.964,-0.727
673,997.82,0.5485,-0.28,0.963,-1.2429999999999999
674,998.62,0.7805,-0.245,0.964,-1.209
675,999.4,1.0797,-0.248,0.961,-1.209
676,1000.2,1.4564,-0.248,0.964,-1.212
